seviye	sayfa	baslik
1	2	مقدمة التحقيق
2	4	وعملي فيه على النحو التالي
2	6	الباب الأول عصر الماتريدي
3	7	الفصل الأول قيام الدولة العباسية
4	9	تنظيم الدعوة العباسية:
4	9	مراكز الدعوة العباسية:
4	10	نجاح الدعوة في العراق:
4	11	الدعوة في خراسان:
4	12	سقوط الدولة الأموية:
3	14	الفصل الثاني
4	14	أبرز الأحداث السياسية في الدولة العباسية حتى دخول البويهيين بغداد
5	14	القضاء على الأمويين واستئصال شأفتهم:
5	17	القضاء على أبي مسلم الخراساني:
4	22	أبرز الأحداث السياسية في عهد الخليفة المهدي:
5	23	ومن الثورات والفتن التي وقعت في عهد المهدي:
6	23	هارون الرشيد: (١٧٥ - ١٩٣ هـ):
6	28	البويهيون:
6	29	ثورة البساسيري: ذروة الضعف اثعباسي، ودخول السلاجقة بغداد:
3	31	الفصل الثالث ظاهرة الدول المستقلة في الشرق الإسلامي
4	32	أولا: الدولة الصفارية (٢٥٤ - ٢٩٥ هـ):
4	35	الدولة السامانية
5	37	علاقة السامانيين بالخلافة:
3	42	الفصل الرابع نظام الحكم في الدولة العباسية
4	42	أولا: النظام السياسي:
4	45	ثانيا: النظام الإداري:
4	47	ثالثا: النظام القضائي:
3	50	الفصل الخامس الحالة الاجتماعية في عصر الماتريدي
4	51	المبحث الأول عناصر السكان في الدولة العباسية في عصر الماتريدي
4	54	المبحث الثاني مظاهر الحياة الاجتماعية
5	54	أولا: الشعوبية:
5	55	ثانيا: الزندقة:
5	56	ثالثا: حياة الترف واللهو:
3	57	الفصل السادس الحياة الفكرية والعلمية في عصر الماتريدي
4	57	العلوم المدونة في القرنين الثالث والرابع الهجريين
2	68	الباب الثاني ترجمة الماتريدي
3	69	الفصل الأول اسمه ولقبه وكنيته ونسبه ومولده ووفاته
3	72	الفصل الثاني البيئة التي نشأ فيها الماتريدي
3	76	الفصل الثالث شيوخه وتلاميذه وأقرانه
3	82	الفصل الرابع قيمة الماتريدي العلمية
2	90	الباب الثالث الفرق والمذاهب الإسلامية
3	91	الفصل الأول الفرق السياسية
4	91	السياق التاريخي لنشأة الفرق الإسلامية:
4	95	الفتنة الكبرى في عهد عثمان وعلي ونشأة الأحزاب السياسية:
5	97	أولا: الخوراج
6	99	فرق الخوارج:
6	100	أولا: المحكمة الأولى:
7	101	خلاصة رأي المحكمة الأولى:
6	101	ثانيا: الأزارقة:
7	102	خلاصة المبادئ التي اعتنقها الأزارقة:
6	103	ثالثا: النجدات:
6	104	رابعا: الصفرية:
6	106	خامسا: الإباضية:
5	106	ثانيا: الشيعة
6	109	أبرز فرق الشيعة:
7	109	الزيدية:
7	110	الإمامية:
5	113	ثالثا: المرجئة
6	115	بدع المرجئة وضلالهم:
3	117	الفصل الثاني المذاهب الاعتقادية
4	117	توطئة:
4	120	الصدام الفكري بين المسلمين وأصحاب الديانات الأخرى:
4	122	أولا: المعتزلة
5	123	أولا: النشأة وسبب التسمية:
5	124	ثانيا: مراكز الاعتزال وفرق المعتزلة:
5	126	ثالثا: منهج المعتزلة في درس العقائد:
5	129	١ - التوحيد:
6	130	رأي المعتزلة في الصفات:
6	131	القول بخلق القرآن:
6	131	إنكار رؤية الله:
5	131	٢ - العدل:
6	132	الإنسان مريد لأفعاله:
5	133	٣ - الوعد والوعيد:
5	135	٤ - المنزلة بين المنزلتين:
5	136	٥ - الأمر بالمعروف والنهي عن المنكر:
4	137	ثانيا: الأشاعرة
5	141	نقد الأشعري للحشوية:
5	144	منهج الأشعري:
4	150	ثالثا: الماتريدية
5	153	المسائل التي كانت محل خلاف بين الأشاعرة والماتريدية
6	154	المسألة الأولى: السعادة والشقاوة
6	156	المسألة الثانية حكم بقاء الرسالة بعد موت الرسل
6	157	المسألة الثالثة الإرادة وهل تستلزم الرضا والمحبة أم لا
6	158	المسألة الرابعة الاستثناء في الإيمان
6	160	المسألة الخامسة: إيمان المقلد
6	161	المسألة السادسة: الكسب
6	162	المسألة السابعة الكافر منعم عليه أم لا؟
4	163	ثانيا: المسائل المختلف فيها معنويا:
5	163	المسألة الأولى التكليف بما لا يطاق
5	166	المسألة الثانية: الثواب والعقاب
5	167	المسألة الثالثة: التكوين
5	168	المسألة الرابعة: كلام الله تعالى
5	170	المسألة الخامسة: معرفة الله تعالى
5	171	المسألة السادسة: عصمة الأنبياء
2	173	الباب الرابع حول تفسير القرآن الكريم
3	174	الفصل الأول نشأة التفسير وتطوره
4	179	نشأة التفسير وتطوره
5	180	المرحلة الأولى: التفسير في عهد النبي - ﷺ -:
5	201	المرحلة الثانية: التفسير في عهد الصحابة رضوان الله عليهم:
6	209	أشهر المفسرين من الصحابة ودورهم في التفسير
5	220	المرحلة الثالثة: التفسير في عصر التابعين
6	226	التفسير الموضوعي للقرآن الكريم
3	230	الفصل الثاني مدارس تفسير القرآن الكريم
4	234	أعلام المدرسة المكية.
5	234	١ - سعيد بن جبير.
5	235	٢ - مجاهد بن جبر:
5	236	٣ - عكرمة
5	239	٤ - طاوس بن كيسان اليماني
5	240	٥ - عطاء بن أبي رباح:
4	242	أعلام المدرسة المدنية:
5	242	١ - زيد بن أسلم:
5	242	٢ - أبو العالية:
5	242	٣ - سعيد بن المسيب:
5	243	٤ - محمد بن كعب القرظي:
4	244	أعلام المدرسة العراقية:
5	244	١ - علقمة بن قيس:
5	244	٢ - مسروق
5	245	٣ - عامر الشعبي
5	245	٤ - الحسن البصري
5	245	٥ - قتادة
5	246	٦ - الأسود بن يزيد
5	246	٧ - مرة الهمداني
3	247	الفصل الثالث المناهج التفسيرية بين القديم والحديث
4	247	أولا: مناهج التفسير في القديم
5	248	١ - منهج تفسير القرآن الكريم بالمأثور
6	249	المصدر الأول: القرآن الكريم:
6	250	المصدر الثاني: السنة المطهرة:
6	250	المصدر الثالث: أقوال الصحابة:
6	257	أسباب ضعف الرواية بالمأثور:
5	259	٢ - منهج التفسير بالرأي
5	273	٣ - منهج التفسير الإشاري
4	276	ثانيا: منهج المدرسة الحديثة في التفسير:
2	291	الباب الخامس الماتريدي مفسرا
3	292	الفصل الأول انتماء الماتريدي التفسيري
3	305	الفصل الثاني منهج الماتريدي في تفسيره
4	306	منهج الماتريدي في تفسير القرآن الكريم:
5	306	القضية الأولى: مصادر الماتريدي وطريقته في التعامل معها:
6	307	أولا: تفسير القرآن بالقرآن:
6	308	ثانيا: أسباب النزول:
6	309	ثالثا: السنة المطهرة:
6	310	رابعا: أقوال المفسرين السابقين:
6	314	خامسا: علم الكلام:
6	317	سادسا: علم الفقه:
6	318	سابعا: علوم اللغة:
6	320	ثامنا: إعمال العقل والتفسير بالرأي:
5	320	القضية الثانية: طريقة الماتريدي في التفسير:
6	322	أولا: يقوم الماتريدي -أحيانا- بعرض الآراء
6	322	ثانيا: يقوم الماتريدي -أحيانا- بذكر الأوجه المحتملة في تفسير الآية
6	322	ثالثا: يقوم الماتريدي باستخلاص المسائل الاعتقادية والمسائل الفقهية
6	322	رابعا: يبدأ الماتريدي أحيانا تفسيره للآية بذكر القراءات الواردة فيها
6	322	خامسا: يبين الماتريدي -أحيانا- أسباب نزول الآية
6	322	سادسا: يبين الماتريدي -أحيانا- المعنى اللغوي لبعض الألفاظ
6	322	سابعا: أن الماتريدي حين يستعين بالسنة لا يهتم بذكر السند
6	322	ثامنا: يهمل الماتريدي الحديث عن المكي والمدني
6	322	تاسعا: أنه حين يشرع في تفسير أي سورة لا يقدم لها
3	324	الفصل الثالث بذور التجديد في تفسير الماتريدي
3	326	الفصل الرابع تأثر الماتريدي بمن سبقوه
3	329	الفصل الخامس تأثير الماتريدي فيمن جاءوا بعده
2	333	وصف نسخ الكتاب الخطية
2	335	صور المخطوط
1	340	مقدمة المصنف
2	340	الفرق بين التأويل والتفسير
1	341	سورة فاتحة الكتاب
2	341	(١)
2	349	(٢)
2	352	(٣)
2	354	(٤)
2	354	(٥)
2	358	(٦)
2	360	(٧)
1	362	سورة البقرة
2	362	(١)
2	364	(٢)
2	365	(٣)
2	366	(٤)
2	366	(٥)
2	367	(٦)
2	367	(٧)
2	369	(٨)
2	370	(٩)
2	370	(١٠)
2	371	(١١)
2	371	(١٢)
2	372	(١٣)
2	373	(١٤)
2	373	(١٥)
2	375	(١٦)
2	376	(١٧)
2	382	(١٨)
2	383	(١٩)
2	385	(٢١)
2	386	(٢٢)
2	388	(٢٣)
2	388	(٢٤)
2	390	(٢٥)
2	393	(٢٦)
2	395	(٢٧)
2	396	(٢٨)
2	396	(٢٩)
2	399	(٣٠)
2	404	(٣١)
2	412	(٣٥)
2	414	(٣٦)
2	426	(٣٧)
2	428	(٣٨)
2	429	(٤٠)
2	431	(٤١)
2	432	(٤٢)
2	433	(٤٣)
2	435	(٤٤)
2	435	(٤٥)
2	437	(٤٦)
2	438	(٤٧)
2	440	(٤٨)
2	441	(٤٩)
2	442	(٥٠)
2	442	(٥١)
2	443	(٥٢)
2	445	(٥٣)
2	446	(٥٤)
2	449	(٥٥)
2	451	(٥٦)
2	451	(٥٧)
2	452	(٥٨)
2	454	(٥٩)
2	455	(٦٠)
2	458	(٦١)
2	462	(٦٢)
2	463	(٦٣)
2	464	(٦٤)
2	465	(٦٥)
2	466	(٦٦)
2	467	(٦٧)
2	471	(٦٩)
2	471	(٧٠)
2	472	(٧١)
2	472	(٧٢)
2	473	(٧٣)
2	473	(٧٤)
2	474	(٧٥)
2	475	(٧٦)
2	476	(٧٧)
2	477	(٧٨)
2	478	(٧٩)
2	478	(٨٠)
2	479	(٨١)
2	480	(٨٢)
2	480	(٨٣)
2	482	(٨٤)
2	482	(٨٥)
2	483	(٨٦)
2	484	(٨٧)
2	486	(٨٨)
2	486	(٨٩)
2	487	(٩٠)
2	487	(٩١)
2	489	(٩٢)
2	489	(٩٣)
2	490	(٩٤)
2	491	(٩٥)
2	492	(٩٦)
2	494	(٩٧)
2	495	(٩٨)
2	495	(٩٩)
2	496	(١٠٠)
2	496	(١٠١)
2	497	(١٠٢)
2	505	(١٠٣)
2	505	(١٠٤)
2	508	(١٠٦)
2	510	(١٠٧)
2	510	(١٠٨)
2	511	(١٠٩)
2	513	(١١٠)
2	516	(١١١)
2	517	(١١٢)
2	518	(١١٣)
2	520	(١١٤)
2	521	(١١٥)
2	523	(١١٦)
2	525	(١١٧)
2	526	(١١٨)
2	527	(١١٩)
2	528	(١٢٠)
2	530	(١٢١)
2	531	(١٢٤)
2	533	(١٢٥)
2	538	(١٢٦)
2	539	(١٢٧)
2	539	(١٢٨)
2	546	(١٢٩)
2	549	(١٣٠)
2	550	(١٣١)
2	550	(١٣٢)
2	551	(١٣٣)
2	551	(١٣٤)
2	552	(١٣٥)
2	552	(١٣٧)
2	553	(١٣٨)
2	555	(١٣٩)
2	555	(١٤٠)
2	556	(١٤١)
2	557	(١٤٢)
2	558	(١٤٣)
2	563	(١٤٤)
2	564	(١٤٥)
2	565	(١٤٦)
2	565	(١٤٧)
2	566	(١٤٨)
2	567	(١٤٩)
2	567	(١٥٠)
2	569	(١٥١)
2	570	(١٥٢)
2	570	١٥٣)
2	570	(١٥٤)
2	572	(١٥٥)
2	574	(١٥٦)
2	575	(١٥٧)
2	576	(١٥٧)
2	579	(١٥٨)
2	582	(١٥٩)
2	583	(١٦٠)
2	584	(١٦١)
2	584	(١٦٢)
2	584	(١٦٣)
2	585	(١٦٤)
2	588	(١٦٥)
2	590	(١٦٦)
2	591	(١٦٧)
2	592	(١٦٨)
2	593	(١٦٩)
2	596	(١٧٠)
2	596	(١٧١)
2	597	(١٧٢)
2	598	(١٧٣)
2	605	(١٧٤)
2	606	(١٧٥)
2	606	(١٧٦)
2	607	(١٧٧)
2	610	(١٧٨)
2	618	(١٧٩)
2	620	(١٨٠)
2	622	(١٨١)
2	622	(١٨٢)
2	625	(١٨٣)
2	634	(١٨٤)
2	645	(١٨٥)
2	649	(١٨٦)
2	650	(١٨٧)
2	658	(١٨٨)
2	660	(١٨٩)
2	663	(١٩٠)
2	664	(١٩١)
2	666	(١٩٢)
2	666	(١٩٣)
2	667	(١٩٤)
2	668	(١٩٥)
2	669	(١٩٦)
2	685	(١٩٧)
2	693	(١٩٨)
2	695	(١٩٩)
2	696	(٢٠٠)
2	697	(٢٠١)
2	698	(٢٠٣)
2	700	(٢٠٤)
2	701	(٢٠٥)
2	701	(٢٠٦)
2	701	(٢٠٧)
2	702	(٢٠٨)
2	703	(٢٠٩)
2	704	(٢١٠)
2	705	(٢١١)
2	706	(٢١٢)
2	707	(٢١٣)
2	709	(٢١٤)
2	711	(٢١٥)
2	712	(٢١٦)
2	713	(٢١٧)
2	715	(٢١٨)
2	716	(٢١٩)
2	720	(٢٢٠)
2	722	(٢٢١)
2	732	(٢٢٢)
2	737	(٢٢٣)
2	739	(٢٢٤)
2	740	(٢٢٥)
2	744	(٢٢٦)
2	748	(٢٢٧)
2	751	(٢٢٨)
2	760	(٢٢٩)
2	764	(٢٣٠)
2	766	(٢٣١)
2	770	(٢٣٢)
2	772	(٢٣٣)
2	781	(٢٣٤)
2	786	(٢٣٥)
2	790	(٢٣٦)
2	800	(٢٣٧)
2	804	(٢٣٨)
2	808	(٢٣٩)
2	810	(٢٤٠)
2	810	(٢٤١)
2	811	(٢٤٢)
2	812	(٢٤٣)
2	815	(٢٤٤)
2	815	(٢٤٥)
2	817	(٢٤٦)
2	818	(٢٤٧)
2	820	(٢٤٨)
2	822	(٢٤٩)
2	824	(٢٥٠)
2	824	(٢٥١)
2	826	(٢٥٢)
2	827	(٢٥٣)
2	828	(٢٥٤)
2	829	(٢٥٥)
2	833	(٢٥٦)
2	836	(٢٥٧)
2	839	(٢٥٨)
2	841	(٢٥٩)
2	844	(٢٦٠)
2	845	(٢٦١)
2	846	(٢٦٢)
2	846	(٢٦٣)
2	847	(٢٦٤)
2	849	(٢٦٥)
2	851	(٢٦٦)
2	854	(٢٦٧)
2	855	(٢٦٨)
2	856	(٢٦٩)
2	858	(٢٧٠)
2	858	(٢٧١)
2	860	(٢٧٢)
2	861	(٢٧٣)
2	862	(٢٧٤)
2	864	(٢٧٥)
2	866	(٢٧٦)
2	866	(٢٧٧)
2	866	(٢٧٨)
2	867	(٢٧٩)
2	867	(٢٨٠)
2	868	(٢٨١)
2	869	(٢٨٢)
2	881	(٢٨٣)
2	883	(٢٨٤)
2	883	(٢٨٥)
2	885	(٢٨٦)
1	891	سورة آل عمران
2	891	(١)
2	892	(٢)
2	894	(٣)
2	895	(٤)
2	897	(٥)
2	897	(٦)
2	898	(٧)
2	908	(٨)
2	910	(٩)
2	911	(١٠)
2	912	(١١)
2	912	(١٢)
2	913	(١٣)
2	915	(١٤)
2	921	(١٥)
2	922	(١٦)
2	922	(١٧)
2	924	(١٨)
2	925	(١٩)
2	930	(٢٠)
2	933	(٢١)
2	935	(٢٢)
2	937	(٢٣)
2	937	(٢٤)
2	938	(٢٦)
2	943	(٢٧)
2	944	(٢٨)
2	946	(٢٩)
2	946	(٣٠)
2	947	(٣١)
2	948	(٣٢)
2	948	(٣٣)
2	949	(٣٤)
2	950	(٣٥)
2	951	(٣٦)
2	952	(٣٧)
2	954	(٣٨)
2	955	(٣٩)
2	959	(٤٠)
2	959	(٤١)
2	961	(٤٢)
2	962	(٤٣)
2	963	(٤٤)
2	965	(٤٥)
2	966	(٤٧)
2	967	(٤٨)
2	967	(٤٩)
2	972	(٥٠)
2	972	(٥١)
2	972	(٥٢)
2	975	(٥٣)
2	975	(٥٤)
2	976	(٥٥)
2	979	(٥٦)
2	982	(٥٨)
2	982	(٥٩)
2	985	(٦٠)
2	986	(٦١)
2	986	(٦٢)
2	987	(٦٤)
2	988	(٦٥)
2	989	(٦٦)
2	989	(٦٨)
2	994	(٦٩)
2	995	(٧٠)
2	995	(٧١)
2	996	(٧٢)
2	1000	(٧٣)
2	1001	(٧٤)
2	1001	(٧٥)
2	1005	(٧٦)
2	1005	(٧٧)
2	1007	(٧٨)
2	1007	(٧٩)
2	1009	(٨٠)
2	1010	(٨١)
2	1011	(٨٢)
2	1011	(٨٣)
2	1013	(٨٤)
2	1013	(٨٥)
2	1014	(٨٦)
2	1015	(٨٧)
2	1015	(٨٩)
2	1016	(٩٠)
2	1017	(٩١)
2	1018	(٩٢)
2	1019	(٩٣)
2	1021	(٩٥)
2	1021	(٩٦)
2	1023	(٩٧)
2	1034	(٩٨)
2	1034	(٩٩)
2	1035	(١٠٠)
2	1036	(١٠١)
2	1037	(١٠٢)
2	1038	(١٠٣)
2	1042	(١٠٤)
2	1045	(١٠٥)
2	1045	(١٠٦)
2	1047	(١٠٨)
2	1048	(١٠٩)
2	1048	(١١٠)
2	1050	(١١١)
2	1051	(١١٢)
2	1053	(١١٣)
2	1054	(١١٤)
2	1055	(١١٥)
2	1055	(١١٦)
2	1055	(١١٧)
2	1057	(١١٨)
2	1058	(١١٩)
2	1059	(١٢٠)
2	1060	(١٢١)
2	1061	(١٢٢)
2	1062	(١٢٣)
2	1063	(١٢٤)
2	1064	(١٢٥)
2	1065	(١٢٦)
2	1065	(١٢٧)
2	1067	(١٢٨)
2	1068	(١٢٩)
2	1069	(١٣٠)
2	1071	(١٣١)
2	1072	(١٣٢)
2	1073	(١٣٣)
2	1077	(١٣٤)
2	1082	(١٣٥)
2	1083	(١٣٧)
2	1084	(١٣٨)
2	1084	(١٣٩)
2	1085	(١٤٠)
2	1090	(١٤١)
2	1090	(١٤٢)
2	1091	(١٤٣)
2	1092	(١٤٤)
2	1094	(١٤٥)
2	1094	(١٤٦)
2	1096	(١٤٧)
2	1097	(١٤٨)
2	1098	(١٤٩)
2	1098	(١٥٠)
2	1099	(١٥١)
2	1099	(١٥٢)
2	1102	(١٥٣)
2	1104	(١٥٤)
2	1106	(١٥٥)
2	1107	(١٥٦)
2	1108	(١٥٧)
2	1108	(١٥٨)
2	1108	(١٥٩)
2	1111	(١٦٠)
2	1112	(١٦١)
2	1114	(١٦٢)
2	1114	(١٦٣)
2	1114	(١٦٤)
2	1116	(١٦٥)
2	1118	(١٦٦)
2	1118	(١٦٧)
2	1121	(١٦٨)
2	1122	(١٦٩)
2	1123	(١٧٠)
2	1125	(١٧١)
2	1125	(١٧٢)
2	1126	(١٧٣)
2	1128	(١٧٤)
2	1129	(١٧٥)
2	1130	(١٧٦)
2	1131	(١٧٧)
2	1131	(١٧٨)
2	1134	(١٧٩)
2	1137	(١٨٠)
2	1139	(١٨١)
2	1142	(١٨٢)
2	1143	(١٨٣)
2	1144	(١٨٤)
2	1145	(١٨٥)
2	1147	(١٨٦)
2	1148	(١٨٧)
2	1149	(١٨٨)
2	1153	(١٨٩)
2	1154	(١٩٠)
2	1154	(١٩١)
2	1155	(١٩٢)
2	1156	(١٩٣)
2	1157	(١٩٤)
2	1158	(١٩٥)
2	1159	(١٩٦)
2	1160	(١٩٨)
2	1160	(١٩٩)
2	1161	(٢٠٠)
1	1163	سورة النساء
2	1163	(١)
2	1165	(٢)
2	1167	(٣)
2	1172	(٤)
2	1178	(٥)
2	1180	(٦)
2	1187	(٧)
2	1190	(٨)
2	1192	(٩)
2	1193	(١٠)
2	1195	(١١)
2	1216	(١٢)
2	1224	(١٣)
2	1225	(١٤)
2	1225	(١٥)
2	1236	(١٧)
2	1238	(١٨)
2	1240	(١٩)
2	1244	(٢٠)
2	1245	(٢١)
2	1246	(٢٢)
2	1247	(٢٣)
2	1265	(٢٤)
2	1279	(٢٥)
2	1292	(٢٦)
2	1294	(٢٧)
2	1296	(٢٨)
2	1297	(٢٩)
2	1302	(٣٠)
2	1303	(٣١)
2	1307	(٣٢)
2	1309	(٣٣)
2	1315	(٣٤)
2	1324	(٣٥)
2	1329	(٣٦)
2	1339	(٣٧)
2	1341	(٣٨)
2	1342	(٣٩)
2	1343	(٤٠)
2	1345	(٤١)
2	1345	(٤٢)
2	1346	(٤٣)
2	1355	(٤٤)
2	1356	(٤٥)
2	1356	(٤٦)
2	1359	(٤٧)
2	1361	(٤٨)
2	1363	(٤٩)
2	1365	(٥٠)
2	1365	(٥١)
2	1366	(٥٢)
2	1367	(٥٣)
2	1368	(٥٤)
2	1377	(٥٦)
2	1379	(٥٧)
2	1380	(٥٨)
2	1384	(٥٩)
2	1394	(٦٠)
2	1395	(٦١)
2	1396	(٦٢)
2	1397	(٦٣)
2	1398	(٦٤)
2	1400	(٦٥)
2	1403	(٦٦)
2	1404	(٦٧)
2	1405	(٦٨)
2	1405	(٦٩)
2	1407	(٧٠)
2	1408	(٧١)
2	1411	(٧٢)
2	1411	(٧٣)
2	1414	(٧٤)
2	1415	(٧٥)
2	1417	(٧٦)
2	1418	(٧٧)
2	1423	(٧٩)
2	1424	(٧٩)
2	1428	(٨٠)
2	1430	(٨١)
2	1431	(٨٢)
2	1434	(٨٣)
2	1437	(٨٤)
2	1438	(٨٥)
2	1443	(٨٦)
2	1447	(٨٧)
2	1448	(٨٨)
2	1450	(٨٩)
2	1452	(٩٠)
2	1454	(٩١)
2	1456	(٩٢)
2	1487	(٩٣)
2	1489	(٩٤)
2	1491	(٩٥)
2	1493	(٩٧)
2	1494	(٩٨)
2	1495	(٩٩)
2	1495	(١٠٠)
2	1496	(١٠١)
2	1501	(١٠٢)
2	1506	(١٠٣)
2	1511	(١٠٤)
2	1511	(١٠٥)
2	1513	(١٠٦)
2	1513	(١٠٧)
2	1513	(١٠٨)
2	1515	(١٠٩)
2	1515	(١١٠)
2	1516	(١١١)
2	1516	(١١٢)
2	1516	(١١٣)
2	1518	(١١٤)
2	1519	(١١٥)
2	1520	(١١٦)
2	1522	(١١٧)
2	1523	(١١٨)
2	1523	(١١٩)
2	1525	(١٢٠)
2	1526	(١٢١)
2	1526	(١٢٢)
2	1526	(١٢٣)
2	1527	(١٢٤)
2	1527	(١٢٥)
2	1532	(١٢٦)
2	1533	(١٢٧)
2	1535	(١٢٨)
2	1538	(١٢٩)
2	1539	(١٣٠)
2	1541	(١٣١)
2	1541	(١٣٢)
2	1542	(١٣٣)
2	1542	(١٣٤)
2	1543	(١٣٥)
2	1545	(١٣٦)
2	1547	(١٣٧)
2	1549	(١٣٨)
2	1550	(١٤٠)
2	1551	(١٤١)
2	1553	(١٤٢)
2	1556	(١٤٣)
2	1556	(١٤٤)
2	1558	(١٤٥)
2	1559	(١٤٦)
2	1560	(١٤٧)
2	1561	(١٤٨)
2	1563	(١٤٩)
2	1563	(١٥٠)
2	1564	(١٥١)
2	1564	(١٥٢)
2	1565	(١٥٣)
2	1566	(١٥٤)
2	1567	(١٥٥)
2	1568	(١٥٦)
2	1568	(١٥٧)
2	1570	(١٥٨)
2	1570	(١٥٩)
2	1572	(١٦٠)
2	1573	(١٦١)
2	1575	(١٦٢)
2	1577	(١٦٣)
2	1578	(١٦٤)
2	1579	(١٦٥)
2	1580	(١٦٦)
2	1581	(١٦٧)
2	1582	(١٦٨)
2	1582	(١٦٩)
2	1582	(١٧٠)
2	1583	(١٧١)
2	1586	(١٧٢)
2	1589	(١٧٣)
2	1590	(١٧٤)
2	1590	(١٧٥)
2	1590	(١٧٦)
1	1594	سورة المائدة
2	1594	(١)
2	1598	(٢)
2	1606	(٣)
2	1616	(٤)
2	1621	(٥)
2	1627	(٦)
2	1635	(٧)
2	1636	(٨)
2	1637	(٩)
2	1637	(١٠)
2	1637	(١١)
2	1638	(١٢)
2	1641	(١٣)
2	1642	(١٤)
2	1644	(١٥)
2	1646	(١٦)
2	1646	(١٧)
2	1647	(١٨)
2	1648	(١٩)
2	1650	(٢٠)
2	1650	(٢١)
2	1651	(٢٢)
2	1652	(٢٣)
2	1653	(٢٤)
2	1654	(٢٥)
2	1654	(٢٦)
2	1656	(٢٧)
2	1657	(٢٨)
2	1659	(٢٩)
2	1659	(٣٠)
2	1660	(٣١)
2	1661	(٣٢)
2	1663	(٣٣)
2	1668	(٣٤)
2	1669	(٣٥)
2	1669	(٣٦)
2	1670	(٣٧)
2	1670	(٣٨)
2	1676	(٣٩)
2	1678	(٤٠)
2	1679	(٤١)
2	1684	(٤٢)
2	1686	(٤٣)
2	1686	(٤٤)
2	1688	(٤٥)
2	1690	(٤٦)
2	1691	(٤٧)
2	1692	(٤٨)
2	1696	(٤٩)
2	1697	(٥٠)
2	1697	(٥١)
2	1699	(٥٢)
2	1700	(٥٣)
2	1701	(٥٤)
2	1703	(٥٥)
2	1706	(٥٦)
2	1706	(٥٧)
2	1707	(٥٨)
2	1707	(٥٩)
2	1708	(٦٠)
2	1709	(٦١)
2	1710	(٦٢)
2	1710	(٦٣)
2	1710	(٦٤)
2	1714	(٦٥)
2	1715	(٦٦)
2	1716	(٦٧)
2	1718	(٦٨)
2	1719	(٦٩)
2	1720	(٧٠)
2	1721	(٧١)
2	1722	(٧٢)
2	1722	(٧٣)
2	1724	(٧٤)
2	1724	(٧٥)
2	1726	(٧٦)
2	1727	(٧٧)
2	1728	(٧٨)
2	1729	(٧٩)
2	1729	(٨٠)
2	1730	(٨١)
2	1730	(٨٢)
2	1731	(٨٣)
2	1732	(٨٤)
2	1733	(٨٥)
2	1733	(٨٦)
2	1733	(٨٧)
2	1735	(٨٨)
2	1736	(٨٩)
2	1759	(٩٠)
2	1762	(٩١)
2	1768	(٩٢)
2	1768	(٩٣)
2	1769	(٩٤)
2	1772	(٩٥)
2	1782	(٩٦)
2	1786	(٩٧)
2	1787	(٩٨)
2	1788	(٩٩)
2	1788	(١٠٠)
2	1789	(١٠١)
2	1790	(١٠٢)
2	1791	(١٠٣)
2	1793	(١٠٤)
2	1793	(١٠٥)
2	1796	(١٠٦)
2	1801	(١٠٧)
2	1802	(١٠٨)
2	1803	(١٠٩)
2	1804	(١١٠)
2	1806	(١١١)
2	1807	(١١٢)
2	1809	(١١٣)
2	1809	(١١٤)
2	1810	(١١٥)
2	1810	(١١٦)
2	1811	(١١٧)
2	1812	(١١٨)
2	1813	(١١٩)
2	1814	(١٢٠)
1	1815	سورة الأنعام
2	1815	(١)
2	1818	(٢)
2	1822	(٣)
2	1824	(٤)
2	1826	(٥)
2	1827	(٦)
2	1830	(٧)
2	1830	(٨)
2	1831	(٩)
2	1834	(١٠)
2	1834	(١١)
2	1834	(١٢)
2	1836	(١٣)
2	1838	(١٤)
2	1839	(١٥)
2	1839	(١٦)
2	1842	(١٧)
2	1843	(١٨)
2	1843	(١٩)
2	1847	(٢٠)
2	1848	(٢١)
2	1849	(٢٢)
2	1849	(٢٣)
2	1850	(٢٤)
2	1851	(٢٥)
2	1853	(٢٦)
2	1855	(٢٧)
2	1856	(٢٨)
2	1863	(٢٩)
2	1863	(٣٠)
2	1864	(٣١)
2	1867	(٣٢)
2	1868	(٣٣)
2	1869	(٣٤)
2	1870	(٣٥)
2	1873	(٣٦)
2	1875	(٣٧)
2	1877	(٣٨)
2	1878	(٣٩)
2	1880	(٤٠)
2	1881	(٤١)
2	1881	(٤٢)
2	1881	(٤٣)
2	1883	(٤٤)
2	1883	(٤٥)
2	1884	(٤٦)
2	1885	(٤٧)
2	1885	(٤٨)
2	1886	(٤٩)
2	1886	(٥٠)
2	1888	(٥١)
2	1888	(٥٢)
2	1892	(٥٣)
2	1893	(٥٤)
2	1894	(٥٥)
2	1895	(٥٦)
2	1895	(٥٧)
2	1896	(٥٨)
2	1896	(٥٩)
2	1899	(٦٠)
2	1903	(٦١)
2	1906	(٦٢)
2	1907	(٦٣)
2	1909	(٦٤)
2	1909	(٦٥)
2	1914	(٦٦)
2	1915	(٦٧)
2	1915	(٦٨)
2	1916	(٦٩)
2	1917	(٧٠)
2	1921	(٧١)
2	1923	(٧٢)
2	1923	(٧٣)
2	1925	(٧٤)
2	1927	(٧٥)
2	1930	(٧٦)
2	1942	(٨٠)
2	1944	(٨١)
2	1945	(٨٢)
2	1946	(٨٣)
2	1948	(٨٤)
2	1950	(٨٧)
2	1951	(٨٨)
2	1952	(٨٩)
2	1953	(٩٠)
2	1957	(٩١)
2	1962	(٩٢)
2	1964	(٩٣)
2	1968	(٩٤)
2	1971	(٩٥)
2	1973	(٩٦)
2	1974	(٩٧)
2	1976	(٩٨)
2	1977	(٩٩)
2	1980	(١٠٠)
2	1983	(١٠١)
2	1985	(١٠٢)
2	1985	(١٠٣)
2	1988	(١٠٤)
2	1989	(١٠٥)
2	1992	(١٠٦)
2	1993	(١٠٧)
2	1994	(١٠٨)
2	2000	(١٠٩)
2	2003	(١١٠)
2	2004	(١١١)
2	2007	(١١٢)
2	2011	(١١٣)
2	2012	(١١٤)
2	2013	(١١٥)
2	2014	(١١٦)
2	2015	(١١٧)
2	2016	(١١٨)
2	2018	(١١٩)
2	2026	(١٢٠)
2	2027	(١٢١)
2	2031	(١٢٢)
2	2035	(١٢٤)
2	2036	(١٢٥)
2	2038	(١٢٦)
2	2038	(١٢٧)
2	2040	(١٢٨)
2	2042	(١٢٩)
2	2042	(١٣٠)
2	2044	(١٣١)
2	2045	(١٣٢)
2	2046	(١٣٣)
2	2047	(١٣٤)
2	2047	(١٣٥)
2	2049	(١٣٦)
2	2050	(١٣٧)
2	2052	(١٣٨)
2	2054	(١٣٩)
2	2055	(١٤٠)
2	2055	(١٤١)
2	2069	(١٤٢)
2	2071	(١٤٣)
2	2075	(١٤٥)
2	2081	(١٤٦)
2	2085	(١٤٧)
2	2086	(١٤٨)
2	2088	(١٤٩)
2	2090	(١٥٠)
2	2091	(١٥١)
2	2095	(١٥٢)
2	2098	(١٥٣)
2	2099	(١٥٤)
2	2100	(١٥٥)
2	2101	(١٥٦)
2	2102	(١٥٧)
2	2104	(١٥٨)
2	2111	(١٥٩)
2	2112	(١٦٠)
2	2115	(١٦١)
2	2117	(١٦٢)
2	2118	(١٦٣)
2	2119	(١٦٤)
2	2121	(١٦٥)
1	2124	سورة الأعراف
2	2124	(١)
2	2127	(٢)
2	2131	(٣)
2	2134	(٤)
2	2135	(٥)
2	2135	(٦)
2	2136	(٧)
2	2137	(٨)
2	2139	(٩)
2	2141	(١٠)
2	2142	(١١)
2	2143	(١٢)
2	2144	(١٣)
2	2145	(١٤)
2	2146	(١٦)
2	2147	(١٧)
2	2149	(١٨)
2	2150	(١٩)
2	2152	(٢٠)
2	2154	(٢١)
2	2155	(٢٢)
2	2159	(٢٣)
2	2164	(٢٤)
2	2165	(٢٥)
2	2166	(٢٦)
2	2169	(٢٧)
2	2172	(٢٨)
2	2174	(٢٩)
2	2176	(٣٠)
2	2177	(٣١)
2	2179	(٣٢)
2	2182	(٣٣)
2	2185	(٣٤)
2	2186	(٣٥)
2	2186	(٣٦)
2	2188	(٣٧)
2	2190	(٣٨)
2	2192	(٣٩)
2	2193	(٤٠)
2	2196	(٤١)
2	2196	(٤٢)
2	2197	(٤٣)
2	2201	(٤٤)
2	2202	(٤٥)
2	2203	(٤٦)
2	2206	(٤٧)
2	2206	(٤٨)
2	2207	(٤٩)
2	2208	(٥٠)
2	2209	(٥١)
2	2210	(٥٢)
2	2211	(٥٣)
2	2212	(٥٤)
2	2229	(٥٥)
2	2231	(٥٦)
2	2232	(٥٧)
2	2234	(٥٨)
2	2236	(٥٩)
2	2237	(٦٠)
2	2237	(٦١)
2	2237	(٦٢)
2	2238	(٦٣)
2	2239	(٦٤)
2	2240	(٦٥)
2	2241	(٦٦)
2	2241	(٦٧)
2	2242	(٦٨)
2	2242	(٦٩)
2	2243	(٧٠)
2	2244	(٧١)
2	2245	(٧٢)
2	2246	(٧٣)
2	2249	(٧٤)
2	2249	(٧٥)
2	2250	(٧٦)
2	2250	(٧٧)
2	2252	(٧٨)
2	2253	(٧٩)
2	2253	(٨٠)
2	2256	(٨١)
2	2257	(٨٢)
2	2258	(٨٣)
2	2258	(٨٤)
2	2259	(٨٥)
2	2264	(٨٦)
2	2266	(٨٧)
2	2267	(٨٨)
2	2268	(٨٩)
2	2272	(٩٠)
2	2273	(٩١)
2	2273	(٩٢)
2	2274	(٩٤)
2	2276	(٩٥)
2	2277	(٩٦)
2	2278	(٩٧)
2	2278	(٩٩)
2	2279	(١٠٠)
2	2281	(١٠١)
2	2281	(١٠٢)
2	2282	(١٠٣)
2	2283	(١٠٤)
2	2284	(١٠٥)
2	2286	(١٠٦)
2	2286	(١٠٧)
2	2287	(١٠٨)
2	2288	(١٠٩)
2	2290	(١١٠)
2	2290	(١١١)
2	2291	(١١٢)
2	2291	(١١٣)
2	2292	(١١٥)
2	2292	(١١٦)
2	2293	(١١٧)
2	2294	(١١٨)
2	2294	(١١٩)
2	2294	(١٢٠)
2	2295	(١٢١)
2	2296	(١٢٣)
2	2296	(١٢٤)
2	2297	(١٢٥)
2	2297	(١٢٦)
2	2299	(١٢٧)
2	2302	(١٢٨)
2	2303	(١٢٩)
2	2305	(١٣٠)
2	2306	(١٣١)
2	2307	(١٣٢)
2	2309	(١٣٣)
2	2311	(١٣٤)
2	2311	(١٣٥)
2	2312	(١٣٥)
2	2313	(١٣٦)
2	2313	(١٣٧)
2	2316	(١٣٨)
2	2317	(١٣٩)
2	2318	(١٤٠)
2	2318	(١٤١)
2	2319	(١٤٢)
2	2320	(١٤٣)
2	2334	(١٤٤)
2	2335	(١٤٥)
2	2338	(١٤٦)
2	2339	(١٤٧)
2	2340	(١٤٨)
2	2343	(١٤٩)
2	2344	(١٥٠)
2	2346	(١٥١)
2	2346	(١٥٢)
2	2347	(١٥٣)
2	2348	(١٥٤)
2	2348	(١٥٥)
2	2352	(١٥٦)
2	2354	(١٥٧)
2	2360	(١٥٨)
2	2363	(١٥٩)
2	2363	(١٦٠)
2	2366	(١٦١)
2	2366	(١٦٢)
2	2367	(١٦٣)
2	2370	(١٦٤)
2	2371	(١٦٥)
2	2372	(١٦٦)
2	2373	(١٦٧)
2	2374	(١٦٨)
2	2376	(١٦٩)
2	2377	(١٧٠)
2	2378	(١٧١)
2	2380	(١٧٢)
2	2385	(١٧٤)
2	2386	(١٧٥)
2	2388	(١٧٦)
2	2391	(١٧٧)
2	2391	(١٧٨)
2	2392	(١٧٩)
2	2396	(١٨٠)
2	2398	(١٨١)
2	2398	(١٨٢)
2	2400	(١٨٣)
2	2400	(١٨٤)
2	2401	(١٨٥)
2	2403	(١٨٦)
2	2404	(١٨٧)
2	2407	(١٨٨)
2	2409	(١٨٩)
2	2413	(١٩١)
2	2413	(١٩٢)
2	2413	(١٩٣)
2	2414	(١٩٤)
2	2415	(١٩٥)
2	2416	(١٩٦)
2	2416	(١٩٧)
2	2416	(١٩٨)
2	2417	(١٩٩)
2	2419	(٢٠٠)
2	2420	(٢٠١)
2	2422	(٢٠٢)
2	2422	(٢٠٣)
2	2423	(٢٠٤)
2	2431	(٢٠٥)
2	2433	(٢٠٦)
1	2437	سورة الأنفال
2	2437	(١)
2	2448	(٢)
2	2451	(٣)
2	2451	(٤)
2	2451	(٥)
2	2452	(٦)
2	2453	(٧)
2	2454	(٨)
2	2454	(٩)
2	2456	(١٠)
2	2456	(١١)
2	2459	(١٢)
2	2461	(١٣)
2	2461	(١٤)
2	2461	(١٥)
2	2462	(١٦)
2	2464	(١٧)
2	2466	(١٨)
2	2466	(١٩)
2	2469	(٢٠)
2	2469	(٢١)
2	2470	(٢٢)
2	2471	(٢٣)
2	2472	(٢٤)
2	2474	(٢٥)
2	2476	(٢٦)
2	2478	(٢٧)
2	2481	(٢٨)
2	2482	(٢٩)
2	2483	(٣٠)
2	2485	(٣١)
2	2485	(٣٢)
2	2486	(٣٣)
2	2488	(٣٤)
2	2489	(٣٥)
2	2490	(٣٦)
2	2492	(٣٧)
2	2493	(٣٨)
2	2496	(٣٩)
2	2499	(٤٠)
2	2499	(٤١)
2	2516	(٤٢)
2	2519	(٤٣)
2	2521	(٤٤)
2	2522	(٤٥)
2	2523	(٤٦)
2	2524	(٤٧)
2	2525	(٤٨)
2	2527	(٤٩)
2	2529	(٥٠)
2	2530	(٥١)
2	2530	(٥٢)
2	2531	(٥٣)
2	2532	(٥٤)
2	2533	(٥٥)
2	2534	(٥٦)
2	2534	(٥٧)
2	2536	(٥٨)
2	2538	(٥٩)
2	2538	(٦٠)
2	2541	(٦١)
2	2543	(٦٢)
2	2544	(٦٣)
2	2545	(٦٤)
2	2545	(٦٥)
2	2546	(٦٦)
2	2548	(٦٧)
2	2549	(٦٨)
2	2555	(٦٩)
2	2557	(٧٠)
2	2558	(٧١)
2	2560	(٧٢)
2	2564	(٧٣)
2	2565	(٧٤)
2	2566	(٧٥)
1	2569	سورة التوبة
2	2569	(١)
2	2570	(٢)
2	2570	(٣)
2	2576	(٤)
2	2577	(٥)
2	2584	(٦)
2	2589	(٧)
2	2590	(٨)
2	2591	(٩)
2	2591	(١٠)
2	2592	(١١)
2	2593	(١٢)
2	2594	(١٣)
2	2595	(١٤)
2	2596	(١٥)
2	2597	(١٦)
2	2600	(١٧)
2	2602	(١٨)
2	2603	(١٩)
2	2603	(٢٠)
2	2605	(٢١)
2	2605	(٢٢)
2	2605	(٢٣)
2	2607	(٢٤)
2	2608	(٢٥)
2	2611	(٢٦)
2	2611	(٢٨)
2	2616	(٢٩)
2	2635	(٣٠)
2	2637	(٣١)
2	2638	(٣٢)
2	2639	(٣٣)
2	2640	(٣٤)
2	2642	(٣٥)
2	2644	(٣٦)
2	2646	(٣٧)
2	2647	(٣٨)
2	2650	(٣٩)
2	2651	(٤٠)
2	2654	(٤١)
2	2655	(٤٢)
2	2656	(٤٣)
2	2657	(٤٤)
2	2657	(٤٥)
2	2658	(٤٦)
2	2659	(٤٧)
2	2661	(٤٨)
2	2661	(٤٩)
2	2663	(٥١)
2	2664	(٥٢)
2	2665	(٥٣)
2	2665	(٥٤)
2	2666	(٥٥)
2	2668	(٥٦)
2	2668	(٥٧)
2	2669	(٥٨)
2	2670	(٥٩)
2	2670	(٦٠)
2	2685	(٦١)
2	2690	(٦٢)
2	2692	(٦٣)
2	2693	(٦٤)
2	2693	(٦٥)
2	2694	(٦٦)
2	2695	(٦٧)
2	2697	(٦٨)
2	2698	(٦٩)
2	2699	(٧٠)
2	2700	(٧١)
2	2701	(٧٢)
2	2702	(٧٣)
2	2703	(٧٤)
2	2706	(٧٥)
2	2707	(٧٦)
2	2707	(٧٧)
2	2708	(٧٨)
2	2708	(٧٩)
2	2710	(٨٠)
2	2711	(٨٥)
2	2713	(٨٢)
2	2713	(٨٣)
2	2714	(٨٤)
2	2715	(٨٥)
2	2716	(٨٦)
2	2717	(٨٧)
2	2717	(٨٨)
2	2718	(٨٩)
2	2718	(٩٠)
2	2720	(٩١)
2	2724	(٩٢)
2	2725	(٩٣)
2	2725	(٩٤)
2	2726	(٩٥)
2	2727	(٩٦)
2	2727	(٩٧)
2	2729	(٩٨)
2	2729	(٩٩)
2	2731	(١٠٠)
2	2733	(١٠١)
2	2735	(١٠٢)
2	2736	(١٠٣)
2	2742	(١٠٤)
2	2743	(١٠٥)
2	2745	(١٠٦)
2	2747	(١٠٧)
2	2750	(١٠٨)
2	2753	(١٠٩)
2	2755	(١١٠)
2	2756	(١١١)
2	2759	(١١٢)
2	2761	(١١٣)
2	2763	(١١٤)
2	2764	(١١٥)
2	2766	(١١٦)
2	2767	(١١٧)
2	2769	(١١٨)
2	2771	(١١٩)
2	2772	(١٢٠)
2	2773	(١٢١)
2	2773	(١٢٢)
2	2776	(١٢٣)
2	2778	(١٢٤)
2	2778	(١٢٥)
2	2780	(١٢٦)
2	2781	(١٢٧)
2	2781	(١٢٨)
2	2783	(١٢٩)
1	2784	سورة يونس
2	2784	(١)
2	2784	(٢)
2	2787	(٣)
2	2788	(٤)
2	2791	(٥)
2	2792	(٦)
2	2793	(٧)
2	2794	(٨)
2	2794	(٩)
2	2794	(١٠)
2	2796	(١٢)
2	2797	(١٢)
2	2798	(١٣)
2	2799	(١٤)
2	2800	(١٥)
2	2801	(١٦)
2	2803	(١٧)
2	2803	(١٨)
2	2805	(١٩)
2	2806	(٢٠)
2	2807	(٢١)
2	2808	(٢٢)
2	2809	(٢٣)
2	2810	(٢٤)
2	2812	(٢٥)
2	2813	(٢٦)
2	2815	(٢٧)
2	2817	(٢٨)
2	2818	(٢٩)
2	2818	(٣٠)
2	2819	(٣١)
2	2820	(٣٢)
2	2820	(٣٣)
2	2820	(٣٤)
2	2821	(٣٥)
2	2822	(٣٦)
2	2823	(٣٧)
2	2824	(٣٨)
2	2824	(٣٩)
2	2825	(٤٠)
2	2826	(٤١)
2	2826	(٤٢)
2	2827	(٤٣)
2	2828	(٤٤)
2	2828	(٤٥)
2	2829	(٤٦)
2	2830	(٤٧)
2	2830	(٤٨)
2	2831	(٤٩)
2	2831	(٥٠)
2	2832	(٥١)
2	2832	(٥٢)
2	2832	(٥٣)
2	2833	(٥٤)
2	2834	(٥٥)
2	2835	(٥٦)
2	2835	(٥٧)
2	2836	(٥٨)
2	2837	(٥٩)
2	2838	(٦٠)
2	2838	(٦١)
2	2840	(٦٢)
2	2841	(٦٤)
2	2842	(٦٥)
2	2843	(٦٦)
2	2844	(٦٧)
2	2845	(٦٨)
2	2848	(٦٩)
2	2848	(٧٠)
2	2848	(٧١)
2	2851	(٧٢)
2	2851	(٧٣)
2	2852	(٧٤)
2	2853	(٧٥)
2	2853	(٧٦)
2	2854	(٧٧)
2	2854	(٧٨)
2	2855	(٧٩)
2	2855	(٨١)
2	2855	(٨٢)
2	2856	(٨٣)
2	2857	(٨٤)
2	2857	(٨٥)
2	2857	(٨٦)
2	2857	(٨٧)
2	2859	(٨٨)
2	2860	(٨٩)
2	2861	(٩٠)
2	2862	(٩٢)
2	2863	(٩٣)
2	2864	(٩٤)
2	2866	(٩٥)
2	2866	(٩٦)
2	2866	(٩٧)
2	2866	(٩٨)
2	2867	(٩٩)
2	2869	(١٠٠)
2	2870	(١٠١)
2	2871	(١٠٢)
2	2871	(١٠٣)
2	2871	(١٠٤)
2	2872	(١٠٥)
2	2872	(١٠٦)
2	2873	(١٠٧)
2	2873	(١٠٨)
2	2874	(١٠٩)
1	2875	سورة هود
2	2875	(١)
2	2876	(٢)
2	2876	(٣)
2	2877	(٤)
2	2877	(٥)
2	2879	(٦)
2	2881	(٧)
2	2882	(٨)
2	2883	(٩)
2	2884	(١٠)
2	2884	(١١)
2	2885	(١٢)
2	2888	(١٤)
2	2888	(١٥)
2	2889	(١٦)
2	2889	(١٧)
2	2892	(١٨)
2	2894	(١٩)
2	2894	(٢٠)
2	2896	(٢١)
2	2896	(٢٢)
2	2897	(٢٣)
2	2897	(٢٤)
2	2900	(٢٥)
2	2900	(٢٦)
2	2901	(٢٧)
2	2902	(٢٨)
2	2903	(٢٩)
2	2904	(٣٠)
2	2905	(٣١)
2	2907	(٣٢)
2	2907	(٣٣)
2	2907	(٣٤)
2	2908	(٣٥)
2	2909	(٣٦)
2	2910	(٣٧)
2	2911	(٣٨)
2	2911	(٣٩)
2	2912	(٤٠)
2	2914	(٤١)
2	2914	(٤٢)
2	2915	(٤٣)
2	2916	(٤٤)
2	2917	(٤٥)
2	2917	(٤٦)
2	2919	(٤٧)
2	2919	(٤٨)
2	2921	(٤٩)
2	2922	(٥٠)
2	2923	(٥١)
2	2923	(٥٢)
2	2924	(٥٣)
2	2924	(٥٤)
2	2925	(٥٥)
2	2925	(٥٦)
2	2926	(٥٧)
2	2927	(٥٨)
2	2927	(٥٩)
2	2928	(٦٠)
2	2929	(٦١)
2	2930	(٦٢)
2	2931	(٦٣)
2	2931	(٦٤)
2	2932	(٦٥)
2	2933	(٦٦)
2	2933	(٦٧)
2	2933	(٦٨)
2	2934	(٦٩)
2	2936	(٧٠)
2	2936	(٧١)
2	2938	(٧٢)
2	2938	(٧٣)
2	2939	(٧٤)
2	2939	(٧٥)
2	2940	(٧٦)
2	2940	(٧٧)
2	2941	(٧٨)
2	2943	(٧٩)
2	2943	(٨٠)
2	2943	(٨١)
2	2944	(٨٢)
2	2945	(٨٣)
2	2947	(٨٤)
2	2948	(٨٥)
2	2949	(٨٦)
2	2950	(٨٧)
2	2952	(٨٨)
2	2953	(٨٩)
2	2954	(٩٠)
2	2955	(٩١)
2	2956	(٩٢)
2	2957	(٩٣)
2	2958	(٩٤)
2	2958	(٩٥)
2	2959	(٩٦)
2	2959	(٩٧)
2	2960	(٩٨)
2	2960	(٩٩)
2	2961	(١٠٠)
2	2962	(١٠١)
2	2964	(١٠٢)
2	2964	(١٠٣)
2	2964	(١٠٤)
2	2964	(١٠٥)
2	2965	(١٠٦)
2	2966	(١٠٧)
2	2968	(١٠٨)
2	2969	(١٠٩)
2	2970	(١١٠)
2	2971	(١١١)
2	2972	(١١٢)
2	2973	(١١٣)
2	2973	(١١٤)
2	2976	(١١٥)
2	2976	(١١٦)
2	2977	(١١٧)
2	2978	(١١٨)
2	2981	(١١٩)
2	2982	(١٢٠)
2	2983	(١٢١)
2	2983	(١٢٢)
2	2983	(١٢٣)
1	2985	سورة يوسف
2	2985	(١)
2	2986	(٢)
2	2986	(٣)
2	2987	(٤)
2	2988	(٥)
2	2989	(٦)
2	2990	(٧)
2	2991	(٨)
2	2992	(٩)
2	2993	(١٠)
2	2994	(١١)
2	2994	(١٢)
2	2995	(١٣)
2	2996	(١٤)
2	2996	(١٥)
2	2997	(١٦)
2	2998	(١٧)
2	2999	(١٨)
2	3000	(١٩)
2	3001	(٢٠)
2	3002	(٢١)
2	3003	(٢٢)
2	3004	(٢٣)
2	3006	(٢٤)
2	3008	(٢٥)
2	3009	(٢٦)
2	3011	(٢٨)
2	3011	(٢٩)
2	3012	(٣٠)
2	3013	(٣١)
2	3015	(٣٢)
2	3016	(٣٣)
2	3017	(٣٤)
2	3018	(٣٥)
2	3019	(٣٦)
2	3020	(٣٧)
2	3021	(٣٨)
2	3022	(٣٩)
2	3022	(٤٠)
2	3023	(٤١)
2	3023	(٤٢)
2	3026	(٤٣)
2	3028	(٤٤)
2	3029	(٤٥)
2	3030	(٤٦)
2	3031	(٤٧)
2	3031	(٤٨)
2	3031	(٤٩)
2	3032	(٥٠)
2	3032	(٥١)
2	3033	(٥٢)
2	3035	(٥٣)
2	3035	(٥٤)
2	3035	(٥٥)
2	3036	(٥٦)
2	3037	(٥٨)
2	3037	(٥٩)
2	3038	(٦٠)
2	3039	(٦١)
2	3039	(٦٢)
2	3041	(٦٣)
2	3041	(٦٤)
2	3042	(٦٥)
2	3043	(٦٦)
2	3043	(٦٧)
2	3045	(٦٨)
2	3046	(٦٩)
2	3047	(٧٠)
2	3048	(٧١)
2	3048	(٧٢)
2	3048	(٧٣)
2	3049	(٧٤)
2	3049	(٧٥)
2	3049	(٧٦)
2	3051	(٧٧)
2	3052	(٧٨)
2	3052	(٧٩)
2	3053	(٨٠)
2	3054	(٨١)
2	3055	(٨٢)
2	3055	(٨٣)
2	3056	(٨٤)
2	3057	(٨٥)
2	3058	(٨٦)
2	3059	(٨٧)
2	3061	(٨٨)
2	3063	(٨٩)
2	3063	(٩٠)
2	3064	(٩١)
2	3064	(٩٢)
2	3065	(٩٣)
2	3066	(٩٤)
2	3068	(٩٥)
2	3068	(٩٦)
2	3068	(٩٧)
2	3069	(٩٨)
2	3069	(٩٩)
2	3070	(١٠٠)
2	3072	(١٠١)
2	3074	(١٠٢)
2	3074	(١٠٣)
2	3075	(١٠٤)
2	3076	(١٠٥)
2	3076	(١٠٦)
2	3077	(١٠٧)
2	3077	(١٠٨)
2	3078	(١٠٩)
2	3079	(١١٠)
2	3081	(١١١)
1	3082	سورة الرعد
2	3082	(١)
2	3083	(٢)
2	3085	(٣)
2	3087	(٤)
2	3089	(٥)
2	3090	(٦)
2	3092	(٧)
2	3094	(٨)
2	3095	(٩)
2	3096	(١٠)
2	3097	(١١)
2	3098	(١٢)
2	3099	(١٣)
2	3102	(١٤)
2	3103	(١٥)
2	3104	(١٦)
2	3106	(١٧)
2	3110	(١٨)
2	3111	(١٩)
2	3111	(٢٠)
2	3112	(٢١)
2	3112	(٢٢)
2	3114	(٢٣)
2	3115	(٢٤)
2	3115	(٢٥)
2	3116	(٢٦)
2	3118	(٢٧)
2	3119	(٢٨)
2	3120	(٢٩)
2	3120	(٣٠)
2	3122	(٣١)
2	3125	(٣٢)
2	3126	(٣٣)
2	3129	(٣٤)
2	3129	(٣٥)
2	3130	(٣٦)
2	3131	(٣٧)
2	3132	(٣٨)
2	3133	(٣٩)
2	3134	(٤٠)
2	3135	(٤١)
2	3137	(٤٢)
2	3138	(٤٣)
1	3139	سورة إبراهيم
2	3139	(١)
2	3140	(٢)
2	3141	(٣)
2	3142	(٤)
2	3144	(٥)
2	3146	(٦)
2	3146	(٧)
2	3147	(٨)
2	3148	(٩)
2	3150	(١٠)
2	3152	(١١)
2	3153	(١٢)
2	3154	(١٣)
2	3157	(١٥)
2	3158	(١٦)
2	3159	(١٧)
2	3160	(١٨)
2	3161	(١٩)
2	3162	(٢٠)
2	3163	(٢١)
2	3165	(٢٢)
2	3167	(٢٣)
2	3168	(٢٤)
2	3170	(٢٥)
2	3171	(٢٦)
2	3172	(٢٧)
2	3173	(٢٨)
2	3175	(٢٩)
2	3175	(٣٠)
2	3176	(٣١)
2	3177	(٣٢)
2	3178	(٣٤)
2	3180	(٣٥)
2	3182	(٣٦)
2	3183	(٣٧)
2	3186	(٣٨)
2	3186	(٣٩)
2	3186	(٤٠)
2	3187	(٤١)
2	3188	(٤٢)
2	3189	(٤٣)
2	3191	(٤٤)
2	3191	(٤٥)
2	3192	(٤٦)
2	3194	(٤٧)
2	3195	(٤٨)
2	3198	(٤٩)
2	3198	(٥٠)
2	3199	(٥١)
2	3199	(٥٢)
1	3200	سورة الحجر
2	3200	(١)
2	3200	(٢)
2	3201	(٣)
2	3202	(٤)
2	3202	(٥)
2	3203	(٦)
2	3203	(٧)
2	3204	(٨)
2	3204	(٩)
2	3205	(١٠)
2	3205	(١١)
2	3206	(١٢)
2	3206	(١٣)
2	3207	(١٤)
2	3207	(١٥)
2	3208	(١٦)
2	3209	(١٧)
2	3209	(١٩)
2	3211	(١٨)
2	3211	(٢٠)
2	3212	(٢١)
2	3213	(٢٢)
2	3213	(٢٣)
2	3214	(٢٤)
2	3214	(٢٥)
2	3215	(٢٦)
2	3217	(٢٧)
2	3217	(٢٩)
2	3218	(٣٠)
2	3219	(٣١)
2	3219	(٣٤)
2	3220	(٣٥)
2	3220	(٣٦)
2	3221	(٣٧)
2	3221	(٣٩)
2	3223	(٤٠)
2	3223	(٤١)
2	3223	(٤٢)
2	3224	(٤٣)
2	3224	(٤٤)
2	3224	(٤٥)
2	3225	(٤٦)
2	3226	(٤٧)
2	3227	(٤٨)
2	3227	(٤٩)
2	3228	(٥١)
2	3228	(٥٢)
2	3229	(٥٣)
2	3229	(٥٤)
2	3229	(٥٥)
2	3230	(٥٧)
2	3230	(٥٨)
2	3230	(٥٩)
2	3230	(٦٠)
2	3231	(٦١)
2	3231	(٦٢)
2	3232	(٦٣)
2	3232	(٦٤)
2	3232	(٦٥)
2	3233	(٦٦)
2	3234	(٦٧)
2	3234	(٦٨)
2	3234	(٦٩)
2	3235	(٧٠)
2	3235	(٧١)
2	3235	(٧٢)
2	3236	(٧٣)
2	3236	(٧٤)
2	3236	(٧٥)
2	3237	(٧٦)
2	3237	(٧٧)
2	3238	(٧٨)
2	3239	(٧٩)
2	3239	(٨٠)
2	3240	(٨١)
2	3240	(٨٢)
2	3240	(٨٣)
2	3240	(٨٤)
2	3241	(٨٥)
2	3242	(٨٦)
2	3242	(٨٧)
2	3244	(٨٨)
2	3246	(٨٩)
2	3246	(٩٠)
2	3246	(٩١)
2	3247	(٩٢)
2	3247	(٩٤)
2	3249	(٩٥)
2	3249	(٩٦)
2	3250	(٩٧)
2	3250	(٩٨)
2	3250	(٩٩)
1	3252	سورة النحل
2	3252	(١)
2	3253	(٢)
2	3254	(٣)
2	3254	(٤)
2	3256	(٥)
2	3256	(٦)
2	3257	(٧)
2	3259	(٨)
2	3261	(٩)
2	3262	(١٠)
2	3263	(١١)
2	3264	(١٢)
2	3265	(١٣)
2	3266	(١٤)
2	3268	(١٥)
2	3269	(١٦)
2	3270	(١٧)
2	3270	(١٨)
2	3271	(١٩)
2	3271	(٢٠)
2	3271	(٢١)
2	3272	(٢٢)
2	3273	(٢٣)
2	3274	(٢٤)
2	3275	(٢٥)
2	3275	(٢٦)
2	3276	(٢٧)
2	3277	(٢٨)
2	3278	(٢٩)
2	3278	(٣٠)
2	3279	(٣١)
2	3280	(٣٢)
2	3280	(٣٤)
2	3282	(٣٥)
2	3282	(٣٦)
2	3284	(٣٧)
2	3284	(٣٨)
2	3287	(٣٩)
2	3287	(٤٠)
2	3288	(٤١)
2	3289	(٤٢)
2	3289	(٤٣)
2	3290	(٤٤)
2	3290	(٤٥)
2	3291	(٤٦)
2	3292	(٤٧)
2	3292	(٤٨)
2	3294	(٤٩)
2	3294	(٥٠)
2	3295	(٥١)
2	3296	(٥٢)
2	3296	(٥٣)
2	3297	(٥٥)
2	3298	(٥٦)
2	3299	(٥٧)
2	3299	(٥٨)
2	3300	(٥٩)
2	3300	(٦٠)
2	3301	(٦١)
2	3303	(٦٢)
2	3305	(٦٣)
2	3305	(٦٤)
2	3306	(٦٥)
2	3307	(٦٦)
2	3308	(٦٧)
2	3310	(٦٨)
2	3311	(٦٩)
2	3315	(٧٠)
2	3316	(٧١)
2	3318	(٧٢)
2	3320	(٧٣)
2	3321	(٧٤)
2	3321	(٧٥)
2	3322	(٧٦)
2	3323	(٧٧)
2	3325	(٧٨)
2	3326	(٧٩)
2	3327	(٨٠)
2	3329	(٨١)
2	3330	(٨٢)
2	3330	(٨٣)
2	3331	(٨٤)
2	3333	(٨٥)
2	3333	(٨٦)
2	3334	(٨٧)
2	3334	(٨٨)
2	3335	(٨٩)
2	3338	(٩٠)
2	3342	(٩١)
2	3343	(٩٢)
2	3345	(٩٣)
2	3347	(٩٤)
2	3348	(٩٥)
2	3348	(٩٦)
2	3348	(٩٧)
2	3350	(٩٨)
2	3351	(٩٩)
2	3352	(١٠٠)
2	3352	(١٠١)
2	3353	(١٠٢)
2	3354	(١٠٣)
2	3355	(١٠٤)
2	3355	(١٠٥)
2	3356	(١٠٦)
2	3360	(١٠٧)
2	3361	(١٠٨)
2	3362	(١٠٩)
2	3362	(١١٠)
2	3363	(١١١)
2	3364	(١١٢)
2	3365	(١١٣)
2	3365	(١١٤)
2	3366	(١١٥)
2	3367	(١١٦)
2	3368	(١١٧)
2	3368	(١١٨)
2	3368	(١١٩)
2	3369	(١٢٠)
2	3371	(١٢١)
2	3372	(١٢٢)
2	3372	(١٢٣)
2	3373	(١٢٤)
2	3374	(١٢٥)
2	3376	(١٢٦)
2	3378	(١٢٧)
2	3379	(١٢٨)
1	3381	سورة بني إسرائيل
2	3381	(١)
2	3382	(٢)
2	3383	(٣)
2	3384	(٤)
2	3385	(٥)
2	3386	(٦)
2	3388	(٧)
2	3389	(٨)
2	3389	(٩)
2	3390	(١٠)
2	3391	(١١)
2	3392	(١٢)
2	3394	(١٣)
2	3396	(١٤)
2	3396	(١٥)
2	3398	(١٦)
2	3400	(١٧)
2	3400	(١٨)
2	3401	(١٩)
2	3401	(٢٠)
2	3402	(٢١)
2	3402	(٢٢)
2	3404	(٢٣)
2	3408	(٢٤)
2	3409	(٢٥)
2	3411	(٢٦)
2	3412	(٢٧)
2	3412	(٢٨)
2	3414	(٢٩)
2	3415	(٣٠)
2	3416	(٣١)
2	3417	(٣٢)
2	3418	(٣٣)
2	3421	(٣٤)
2	3422	(٣٥)
2	3423	(٣٦)
2	3425	(٣٧)
2	3426	(٣٨)
2	3426	(٣٩)
2	3427	(٤٠)
2	3428	(٤١)
2	3429	(٤٢)
2	3430	(٤٣)
2	3430	(٤٤)
2	3432	(٤٥)
2	3433	(٤٦)
2	3434	(٤٧)
2	3434	(٤٨)
2	3435	(٤٩)
2	3435	(٥٠)
2	3436	(٥١)
2	3438	(٥٢)
2	3440	(٥٣)
2	3441	(٥٤)
2	3441	(٥٥)
2	3443	(٥٦)
2	3444	(٥٧)
2	3446	(٥٨)
2	3448	(٥٩)
2	3450	(٦٠)
2	3453	(٦١)
2	3453	(٦٢)
2	3455	(٦٣)
2	3455	(٦٤)
2	3459	(٦٥)
2	3460	(٦٦)
2	3462	(٦٧)
2	3463	(٦٨)
2	3463	(٦٩)
2	3464	(٧٠)
2	3466	(٧١)
2	3467	(٧٢)
2	3469	(٧٣)
2	3470	(٧٤)
2	3471	(٧٥)
2	3471	(٧٦)
2	3472	(٧٧)
2	3473	(٧٨)
2	3476	(٧٩)
2	3476	(٨٠)
2	3478	(٨١)
2	3479	(٨٢)
2	3480	(٨٣)
2	3481	(٨٤)
2	3483	(٨٥)
2	3484	(٨٦)
2	3486	(٨٧)
2	3486	(٨٨)
2	3488	(٨٩)
2	3489	(٩٠)
2	3490	(٩٢)
2	3490	(٩٣)
2	3491	(٩٤)
2	3492	(٩٥)
2	3493	(٩٦)
2	3494	(٩٧)
2	3495	(٩٨)
2	3495	(٩٩)
2	3496	(١٠٠)
2	3498	(١٠١)
2	3500	(١٠٢)
2	3501	(١٠٣)
2	3501	(١٠٤)
2	3502	(١٠٥)
2	3503	(١٠٦)
2	3504	(١٠٧)
2	3505	(١٠٨)
2	3505	(١٠٩)
2	3505	(١١١)
2	3508	(١١١)
1	3510	سورة الكهف
2	3510	(١)
2	3511	(٢)
2	3512	(٣)
2	3513	(٤)
2	3513	(٥)
2	3514	(٦)
2	3515	(٧)
2	3516	(٨)
2	3516	(٩)
2	3519	(١٠)
2	3520	(١١)
2	3520	(١٢)
2	3520	(١٣)
2	3521	(١٤)
2	3522	(١٥)
2	3522	(١٦)
2	3524	(١٧)
2	3527	(١٨)
2	3529	(١٩)
2	3531	(٢٠)
2	3531	(٢١)
2	3533	(٢٢)
2	3535	(٢٣)
2	3535	(٢٤)
2	3537	(٢٥)
2	3538	(٢٦)
2	3539	(٢٧)
2	3541	(٢٨)
2	3544	(٢٩)
2	3546	(٣٠)
2	3546	(٣١)
2	3547	(٣٢)
2	3548	(٣٣)
2	3548	(٣٤)
2	3549	(٣٥)
2	3549	(٣٦)
2	3549	(٣٧)
2	3550	(٣٨)
2	3550	(٣٩)
2	3550	(٤٠)
2	3551	(٤١)
2	3551	(٤٢)
2	3551	(٤٣)
2	3551	(٤٤)
2	3552	(٤٥)
2	3554	(٤٦)
2	3556	(٤٧)
2	3557	(٤٨)
2	3558	(٤٩)
2	3559	(٥٠)
2	3560	(٥١)
2	3562	(٥٢)
2	3562	(٥٣)
2	3563	(٥٤)
2	3564	(٥٥)
2	3564	(٥٦)
2	3565	(٥٧)
2	3567	(٥٨)
2	3567	(٥٩)
2	3568	(٦٠)
2	3569	(٦١)
2	3569	(٦٢)
2	3569	(٦٣)
2	3570	(٦٤)
2	3573	(٦٥)
2	3573	(٦٦)
2	3573	(٦٧)
2	3573	(٦٨)
2	3573	(٦٩)
2	3574	(٧٠)
2	3574	(٧١)
2	3575	(٧٢)
2	3575	(٧٣)
2	3576	(٧٤)
2	3576	(٧٥)
2	3576	(٧٦)
2	3576	(٧٧)
2	3577	(٧٨)
2	3577	(٧٩)
2	3577	(٨٠)
2	3579	(٨١)
2	3580	(٨٢)
2	3581	(٨٣)
2	3582	(٨٤)
2	3583	(٨٦)
2	3583	(٨٧)
2	3583	(٨٨)
2	3584	(٨٩)
2	3584	(٩٠)
2	3585	(٩١)
2	3585	(٩٢)
2	3585	(٩٣)
2	3586	(٩٤)
2	3586	(٩٥)
2	3586	(٩٦)
2	3587	(٩٧)
2	3587	(٩٨)
2	3588	(٩٩)
2	3588	(١٠٠)
2	3588	(١٠١)
2	3589	(١٠٢)
2	3590	(١٠٣)
2	3591	(١٠٥)
2	3591	(١٠٦)
2	3592	(١٠٧)
2	3592	(١٠٨)
2	3593	(١٠٩)
2	3594	(١١٠)
1	3596	سورة مريم
2	3596	(١)
2	3597	(٢)
2	3597	(٣)
2	3597	(٤)
2	3598	(٥)
2	3598	(٦)
2	3599	(٧)
2	3599	(٨)
2	3600	(٩)
2	3600	(١٠)
2	3600	(١١)
2	3601	(١٢)
2	3602	(١٣)
2	3603	(١٤)
2	3603	(١٥)
2	3604	(١٦)
2	3604	(١٧)
2	3605	(١٨)
2	3605	(١٩)
2	3606	(٢٠)
2	3606	(٢١)
2	3607	(٢٢)
2	3607	(٢٣)
2	3608	(٢٤)
2	3609	(٢٥)
2	3609	(٢٦)
2	3610	(٢٧)
2	3610	(٢٨)
2	3611	(٣٠)
2	3611	(٣١)
2	3612	(٣٢)
2	3612	(٣٣)
2	3612	(٣٤)
2	3612	(٣٥)
2	3613	(٣٦)
2	3613	(٣٧)
2	3614	(٣٨)
2	3614	(٣٩)
2	3615	(٤٠)
2	3615	(٤١)
2	3616	(٤٢)
2	3616	(٤٣)
2	3617	(٤٤)
2	3617	(٤٥)
2	3617	(٤٦)
2	3618	(٤٧)
2	3618	(٤٨)
2	3619	(٤٩)
2	3619	(٥٠)
2	3620	(٥١)
2	3621	(٥٢)
2	3622	(٥٣)
2	3622	(٥٤)
2	3623	(٥٥)
2	3623	(٥٦)
2	3623	(٥٧)
2	3623	(٥٨)
2	3624	(٥٩)
2	3625	(٦٠)
2	3625	(٦١)
2	3626	(٦٢)
2	3626	(٦٣)
2	3627	(٦٤)
2	3628	(٦٥)
2	3628	(٦٦)
2	3629	(٦٧)
2	3629	(٦٨)
2	3629	(٦٩)
2	3629	(٧٠)
2	3630	(٧١)
2	3631	(٧٢)
2	3632	(٧٣)
2	3632	(٧٤)
2	3632	(٧٥)
2	3633	(٧٦)
2	3634	(٧٧)
2	3634	(٧٨)
2	3634	(٧٩)
2	3634	(٨٠)
2	3635	(٨١)
2	3636	(٨٢)
2	3637	(٨٣)
2	3637	(٨٤)
2	3638	(٨٥)
2	3638	(٨٦)
2	3638	(٨٧)
2	3639	(٨٨)
2	3639	(٨٩)
2	3640	(٩٠)
2	3640	(٩٢)
2	3640	(٩٣)
2	3640	(٩٤)
2	3641	(٩٦)
2	3642	(٩٧)
2	3642	(٩٨)
1	3644	سورة طه
2	3644	(١)
2	3644	(٢)
2	3645	(٣)
2	3645	(٤)
2	3645	(٥)
2	3647	(٦)
2	3648	(٧)
2	3648	(٨)
2	3648	(٩)
2	3649	(١٠)
2	3649	(١١)
2	3649	(١٢)
2	3650	(١٣)
2	3650	(١٤)
2	3651	(١٥)
2	3652	(١٦)
2	3653	(١٧)
2	3653	(١٨)
2	3653	(١٩)
2	3653	(٢٠)
2	3653	(٢١)
2	3654	(٢٢)
2	3654	(٢٣)
2	3655	(٢٤)
2	3655	(٢٥)
2	3656	(٢٦)
2	3656	(٢٧)
2	3656	(٢٨)
2	3656	(٢٩)
2	3656	(٣٠)
2	3656	(٣١)
2	3657	(٣٣)
2	3657	(٣٥)
2	3657	(٣٦)
2	3657	(٣٧)
2	3658	(٣٩)
2	3658	(٤٠)
2	3659	(٤١)
2	3660	(٤٢)
2	3660	(٤٣)
2	3660	(٤٤)
2	3661	(٤٥)
2	3661	(٤٦)
2	3661	(٤٧)
2	3662	(٤٨)
2	3663	(٤٩)
2	3663	(٥٠)
2	3663	(٥١)
2	3663	(٥٢)
2	3664	(٥٣)
2	3664	(٥٤)
2	3664	(٥٥)
2	3665	(٥٦)
2	3666	(٥٧)
2	3666	(٥٨)
2	3666	(٥٩)
2	3667	(٦٠)
2	3667	(٦١)
2	3667	(٦٢)
2	3667	(٦٣)
2	3669	(٦٤)
2	3670	(٦٥)
2	3670	(٦٦)
2	3670	(٦٧)
2	3671	(٦٨)
2	3671	(٦٩)
2	3671	(٧٠)
2	3671	(٧١)
2	3672	(٧٢)
2	3673	(٧٣)
2	3673	(٧٤)
2	3673	(٧٥)
2	3674	(٧٦)
2	3674	(٧٧)
2	3674	(٧٨)
2	3674	(٧٩)
2	3675	(٨٠)
2	3675	(٨١)
2	3676	(٨٢)
2	3676	(٨٣)
2	3677	(٨٤)
2	3677	(٨٥)
2	3678	(٨٦)
2	3678	(٨٧)
2	3679	(٨٨)
2	3679	(٨٩)
2	3680	(٩٠)
2	3680	(٩١)
2	3680	(٩٢)
2	3680	(٩٣)
2	3680	(٩٤)
2	3681	(٩٥)
2	3681	(٩٦)
2	3682	(٩٧)
2	3684	(٩٨)
2	3685	(٩٩)
2	3685	(١٠٠)
2	3685	(١٠١)
2	3686	(١٠٢)
2	3686	(١٠٣)
2	3686	(١٠٤)
2	3687	(١٠٥)
2	3687	(١٠٦)
2	3687	(١٠٧)
2	3688	(١٠٨)
2	3688	(١٠٩)
2	3689	(١١٠)
2	3690	(١١١)
2	3691	(١١٢)
2	3691	(١١٣)
2	3692	(١١٤)
2	3693	(١١٥)
2	3694	(١١٦)
2	3694	(١١٧)
2	3694	(١١٨)
2	3694	(١١٩)
2	3694	(١٢٠)
2	3694	(١٢١)
2	3694	(١٢٢)
2	3695	(١٢٣)
2	3695	(١٢٤)
2	3696	(١٢٥)
2	3696	(١٢٦)
2	3697	(١٢٧)
2	3697	(١٢٨)
2	3698	(١٢٩)
2	3698	(١٣٠)
2	3699	(١٣١)
2	3701	(١٣٢)
2	3701	(١٣٣)
2	3702	(١٣٤)
2	3702	(١٣٥)
1	3703	سورة الأنبياء
2	3703	(١)
2	3704	(٢)
2	3704	(٣)
2	3705	(٤)
2	3705	(٥)
2	3706	(٦)
2	3706	(٧)
2	3707	(٨)
2	3708	(٩)
2	3708	(١٠)
2	3708	(١١)
2	3708	(١٢)
2	3709	(١٣)
2	3710	(١٤)
2	3710	(١٥)
2	3710	(١٦)
2	3711	(١٧)
2	3711	(١٨)
2	3712	(١٩)
2	3712	(٢٠)
2	3713	(٢١)
2	3713	(٢٢)
2	3714	(٢٣)
2	3714	(٢٤)
2	3715	(٢٥)
2	3715	(٢٦)
2	3716	(٢٧)
2	3716	(٢٨)
2	3716	(٢٩)
2	3718	(٣٠)
2	3719	(٣١)
2	3720	(٣٢)
2	3720	(٣٣)
2	3721	(٣٤)
2	3722	(٣٥)
2	3722	(٣٦)
2	3722	(٣٧)
2	3723	(٣٨)
2	3723	(٣٩)
2	3724	(٤٠)
2	3724	(٤١)
2	3725	(٤٢)
2	3725	(٤٣)
2	3726	(٤٤)
2	3727	(٤٥)
2	3727	(٤٦)
2	3727	(٤٧)
2	3728	(٤٨)
2	3729	(٤٩)
2	3729	(٥٠)
2	3729	(٥١)
2	3730	(٥٢)
2	3731	(٥٣)
2	3731	(٥٤)
2	3731	(٥٥)
2	3731	(٥٦)
2	3731	(٥٧)
2	3732	(٥٨)
2	3732	(٥٩)
2	3732	(٦٠)
2	3733	(٦١)
2	3733	(٦٢)
2	3734	(٦٣)
2	3734	(٦٤)
2	3735	(٦٥)
2	3735	(٦٦)
2	3735	(٦٧)
2	3736	(٦٨)
2	3736	(٦٩)
2	3736	(٧٠)
2	3737	(٧١)
2	3737	(٧٢)
2	3737	(٧٣)
2	3738	(٧٤)
2	3738	(٧٥)
2	3739	(٧٦)
2	3739	(٧٧)
2	3740	(٧٨)
2	3741	(٧٩)
2	3744	(٨٠)
2	3744	(٨١)
2	3745	(٨٢)
2	3745	(٨٣)
2	3746	(٨٤)
2	3746	(٨٥)
2	3746	(٨٦)
2	3747	(٨٧)
2	3748	(٨٨)
2	3749	(٨٩)
2	3750	(٩٠)
2	3751	(٩١)
2	3752	(٩٢)
2	3752	(٩٣)
2	3753	(٩٤)
2	3753	(٩٥)
2	3753	(٩٦)
2	3754	(٩٧)
2	3754	(٩٨)
2	3755	(٩٩)
2	3756	(١٠٠)
2	3756	(١٠١)
2	3757	(١٠٢)
2	3757	(١٠٣)
2	3758	(١٠٤)
2	3760	(١٠٥)
2	3761	(١٠٦)
2	3761	(١٠٧)
2	3762	(١٠٨)
2	3762	(١٠٩)
2	3763	(١١٠)
2	3763	(١١١)
2	3764	(١١٢)
1	3765	سورة الحج
2	3765	(١)
2	3766	(٢)
2	3767	(٣)
2	3768	(٤)
2	3768	(٥)
2	3771	(٦)
2	3771	(٧)
2	3771	(٨)
2	3772	(٩)
2	3772	(١٠)
2	3773	(١١)
2	3774	(١٢)
2	3774	(١٣)
2	3775	(١٤)
2	3776	(١٥)
2	3777	(١٦)
2	3777	(١٧)
2	3778	(١٨)
2	3779	(١٩)
2	3780	(٢٠)
2	3780	(٢١)
2	3780	(٢٢)
2	3781	(٢٣)
2	3781	(٢٤)
2	3782	(٢٥)
2	3784	(٢٦)
2	3785	(٢٧)
2	3786	(٢٨)
2	3788	(٢٩)
2	3790	(٣٠)
2	3791	(٣١)
2	3792	(٣٢)
2	3793	(٣٣)
2	3794	(٣٤)
2	3796	(٣٥)
2	3796	(٣٦)
2	3799	(٣٧)
2	3800	(٣٨)
2	3801	(٣٩)
2	3801	(٤٠)
2	3804	(٤١)
2	3804	(٤٢)
2	3805	(٤٤)
2	3805	(٤٥)
2	3806	(٤٦)
2	3807	(٤٧)
2	3808	(٤٨)
2	3808	(٤٩)
2	3808	(٥٠)
2	3808	(٥١)
2	3809	(٥٢)
2	3811	(٥٣)
2	3811	(٥٤)
2	3811	(٥٥)
2	3812	(٥٦)
2	3812	(٥٧)
2	3812	(٥٨)
2	3813	(٥٩)
2	3813	(٦٠)
2	3814	(٦١)
2	3814	(٦٢)
2	3815	(٦٣)
2	3816	(٦٤)
2	3816	(٦٥)
2	3816	(٦٦)
2	3817	(٦٧)
2	3818	(٦٨)
2	3818	(٧٠)
2	3818	(٧١)
2	3819	(٧١)
2	3820	(٧٢)
2	3820	(٧٣)
2	3822	(٧٤)
2	3822	(٧٥)
2	3823	(٧٦)
2	3823	(٧٧)
2	3824	(٧٨)
1	3829	سورة المؤمنون
2	3829	(١)
2	3829	(٢)
2	3829	(٣)
2	3830	(٤)
2	3830	(٥)
2	3830	(٦)
2	3830	(٧)
2	3830	(٨)
2	3831	(٩)
2	3831	(١٠)
2	3831	(١١)
2	3832	(١٢)
2	3832	(١٣)
2	3833	(١٤)
2	3836	(١٥)
2	3836	(١٦)
2	3837	(١٧)
2	3837	(١٨)
2	3838	(١٩)
2	3838	(٢٠)
2	3840	(٢١)
2	3840	(٢٢)
2	3841	(٢٣)
2	3841	(٢٤)
2	3842	(٢٥)
2	3842	(٢٦)
2	3842	(٢٧)
2	3844	(٢٨)
2	3844	(٢٩)
2	3844	(٣٠)
2	3845	(٣١)
2	3845	(٣٢)
2	3845	(٣٣)
2	3845	(٣٦)
2	3846	(٣٧)
2	3846	(٣٨)
2	3846	(٣٩)
2	3846	(٤٠)
2	3846	(٤١)
2	3847	(٤٢)
2	3847	(٤٣)
2	3847	(٤٤)
2	3848	(٤٥)
2	3848	(٤٦)
2	3849	(٤٧)
2	3849	(٤٨)
2	3849	(٤٩)
2	3849	(٥٠)
2	3850	(٥١)
2	3851	(٥٢)
2	3851	(٥٣)
2	3852	(٥٤)
2	3853	(٥٥)
2	3853	(٥٦)
2	3854	(٥٧)
2	3854	(٥٨)
2	3854	(٥٩)
2	3854	(٦٠)
2	3855	(٦١)
2	3855	(٦٢)
2	3856	(٦٣)
2	3857	(٦٤)
2	3857	(٦٥)
2	3857	(٦٦)
2	3858	(٦٧)
2	3858	(٦٨)
2	3860	(٦٩)
2	3860	(٧٠)
2	3860	(٧١)
2	3862	(٧٢)
2	3862	(٧٣)
2	3862	(٧٤)
2	3863	(٧٥)
2	3863	(٧٦)
2	3863	(٧٧)
2	3864	(٧٨)
2	3864	(٧٩)
2	3864	(٨٠)
2	3865	(٨١)
2	3865	(٨٣)
2	3865	(٨٤)
2	3866	(٨٦)
2	3866	(٨٨)
2	3866	(٨٩)
2	3866	(٩٠)
2	3867	(٩١)
2	3868	(٩٣)
2	3869	(٩٥)
2	3869	(٩٦)
2	3869	(٩٧)
2	3871	(٩٩)
2	3871	(١٠٠)
2	3873	(١٠١)
2	3874	(١٠٢)
2	3874	(١٠٤)
2	3875	(١٠٥)
2	3875	(١٠٦)
2	3875	(١٠٧)
2	3875	(١٠٨)
2	3876	(١٠٩)
2	3876	(١١٠)
2	3876	(١١١)
2	3877	(١١٢)
2	3877	(١١٣)
2	3878	(١١٤)
2	3878	(١١٥)
2	3879	(١١٦)
2	3880	(١١٧)
2	3881	(١١٨)
1	3882	سورة النور
2	3882	(١)
2	3883	(٢)
2	3888	(٣)
2	3891	(٤)
2	3899	(٦)
2	3902	(٨)
2	3906	(١٠)
2	3907	(١١)
2	3908	(١٢)
2	3909	(١٣)
2	3909	(١٤)
2	3910	(١٥)
2	3911	(١٧)
2	3911	(١٨)
2	3911	(١٩)
2	3912	(٢٠)
2	3912	(٢١)
2	3913	(٢٢)
2	3914	(٢٣)
2	3915	(٢٤)
2	3915	(٢٥)
2	3915	(٢٦)
2	3917	(٢٧)
2	3919	(٢٨)
2	3920	(٢٩)
2	3921	(٣٠)
2	3922	(٣١)
2	3931	(٣٢)
2	3934	(٣٣)
2	3940	(٣٤)
2	3940	(٣٦)
2	3949	(٣٦)
2	3950	(٣٧)
2	3951	(٣٨)
2	3952	(٣٩)
2	3953	(٤٠)
2	3954	(٤١)
2	3956	(٤٢)
2	3956	(٤٣)
2	3957	(٤٤)
2	3958	(٤٥)
2	3959	(٤٦)
2	3959	(٤٧)
2	3960	(٤٩)
2	3960	(٥٠)
2	3961	(٥١)
2	3961	(٥٢)
2	3962	(٥٣)
2	3963	(٥٤)
2	3963	(٥٥)
2	3964	(٥٦)
2	3964	(٥٧)
2	3965	(٥٨)
2	3968	(٥٩)
2	3969	(٦٠)
2	3972	(٦١)
2	3977	(٦٢)
2	3978	(٦٣)
2	3979	(٦٤)
1	3981	سورة الفرقان
2	3981	(١)
2	3982	(٢)
2	3983	(٣)
2	3984	(٤)
2	3985	(٥)
2	3985	(٦)
2	3986	(٧)
2	3987	(٨)
2	3987	(٩)
2	3988	(١٠)
2	3989	(١١)
2	3989	(١٢)
2	3989	(١٣)
2	3989	(١٤)
2	3990	(١٥)
2	3990	(١٦)
2	3991	(١٧)
2	3992	(١٨)
2	3992	(١٩)
2	3994	(٢٠)
2	3995	(٢١)
2	3996	(٢٢)
2	3997	(٢٣)
2	3998	(٢٤)
2	3998	(٢٥)
2	3999	(٢٦)
2	3999	(٢٧)
2	4000	(٢٨)
2	4000	(٢٩)
2	4001	(٣٠)
2	4001	(٣١)
2	4001	(٣٢)
2	4002	(٣٣)
2	4003	(٣٤)
2	4003	(٣٥)
2	4004	(٣٦)
2	4004	(٣٧)
2	4005	(٣٨)
2	4005	(٣٩)
2	4005	(٤٠)
2	4006	(٤١)
2	4006	(٤٢)
2	4006	(٤٣)
2	4007	(٤٤)
2	4007	(٤٥)
2	4008	(٤٦)
2	4008	(٤٧)
2	4009	(٤٨)
2	4009	(٤٩)
2	4010	(٥٠)
2	4011	(٥١)
2	4011	(٥٢)
2	4012	(٥٣)
2	4013	(٥٤)
2	4013	(٥٥)
2	4014	(٥٦)
2	4014	(٥٧)
2	4014	(٥٨)
2	4014	(٥٩)
2	4015	(٦٠)
2	4016	(٦١)
2	4016	(٦٢)
2	4017	(٦٣)
2	4018	(٦٤)
2	4019	(٦٥)
2	4019	(٦٦)
2	4019	(٦٧)
2	4020	(٦٨)
2	4021	(٧٢)
2	4022	(٧٣)
2	4024	(٧٤)
2	4025	(٧٥)
2	4025	(٧٦)
2	4025	(٧٧)
1	4027	سورة الشعراء
2	4027	(١)
2	4027	(٢)
2	4027	(٣)
2	4027	(٤)
2	4028	(٥)
2	4028	(٦)
2	4028	(٧)
2	4029	(٨)
2	4029	(٩)
2	4029	(١٠)
2	4029	(١١)
2	4030	(١٢)
2	4030	(١٣)
2	4030	(١٤)
2	4030	(١٥)
2	4031	(١٦)
2	4031	(١٧)
2	4031	(١٨)
2	4031	(١٩)
2	4031	(٢٠)
2	4032	(٢١)
2	4032	(٢٢)
2	4032	(٢٣)
2	4032	(٢٤)
2	4032	(٢٥)
2	4033	(٢٦)
2	4033	(٢٧)
2	4033	(٢٨)
2	4034	(٢٩)
2	4034	(٣١)
2	4034	(٣٢)
2	4034	(٣٣)
2	4034	(٣٤)
2	4034	(٣٥)
2	4035	(٣٦)
2	4035	(٣٧)
2	4035	(٣٩)
2	4035	(٤٠)
2	4035	(٤١)
2	4036	(٤٣)
2	4036	(٤٤)
2	4036	(٤٥)
2	4036	(٤٦)
2	4036	(٤٧)
2	4037	(٤٨)
2	4037	(٤٩)
2	4037	(٥٠)
2	4037	(٥١)
2	4038	(٥٢)
2	4038	(٥٣)
2	4038	(٥٤)
2	4038	(٥٥)
2	4038	(٥٦)
2	4039	(٥٧)
2	4039	(٥٨)
2	4039	(٥٩)
2	4039	(٦٠)
2	4039	(٦١)
2	4039	(٦٢)
2	4039	(٦٣)
2	4039	(٦٤)
2	4039	(٦٥)
2	4039	(٦٦)
2	4039	(٦٧)
2	4040	(٦٨)
2	4040	(٦٩)
2	4040	(٧٠)
2	4041	(٧١)
2	4041	(٧٢)
2	4041	(٧٣)
2	4041	(٧٤)
2	4041	(٧٥)
2	4041	(٧٦)
2	4041	(٧٧)
2	4042	(٧٨)
2	4042	(٨٣)
2	4042	(٨٤)
2	4042	(٨٥)
2	4042	(٨٦)
2	4043	(٨٧)
2	4044	(٨٨)
2	4044	(٨٩)
2	4044	(٩٠)
2	4045	(٩٢)
2	4045	(٩٣)
2	4045	(٩٤)
2	4045	(٩٥)
2	4046	(٩٦)
2	4046	(٩٧)
2	4046	(٩٨)
2	4046	(٩٩)
2	4046	(١٠٠)
2	4046	(١٠١)
2	4047	(١٠٢)
2	4047	(١٠٣)
2	4047	(١٠٤)
2	4047	(١٠٥)
2	4047	(١٠٦)
2	4048	(١٠٧)
2	4048	(١٠٨)
2	4048	(١٠٩)
2	4048	(١١٠)
2	4048	(١١١)
2	4048	(١١٢)
2	4049	(١١٣)
2	4049	(١١٤)
2	4049	(١١٥)
2	4049	(١١٦)
2	4049	(١١٧)
2	4049	(١١٨)
2	4050	(١١٩)
2	4050	(١٢١)
2	4051	(١٢٣)
2	4051	(١٢٤)
2	4051	(١٢٥)
2	4051	(١٢٦)
2	4051	(١٢٧)
2	4051	(١٢٨)
2	4051	(١٢٩)
2	4052	(١٣٠)
2	4053	(١٣١)
2	4053	(١٣٢)
2	4053	(١٣٣)
2	4053	(١٣٤)
2	4053	(١٣٥)
2	4053	(١٣٦)
2	4053	(١٣٧)
2	4054	(١٣٨)
2	4054	(١٣٩)
2	4055	(١٤١)
2	4055	(١٤٣)
2	4055	(١٤٦)
2	4055	(١٤٧)
2	4055	(١٤٨)
2	4055	(١٤٩)
2	4056	(١٥٠)
2	4056	(١٥١)
2	4056	(١٥٣)
2	4056	(١٥٤)
2	4057	(١٥٥)
2	4057	(١٥٧)
2	4057	(١٥٨)
2	4057	(١٦٠)
2	4058	(١٦١)
2	4058	(١٦٥)
2	4058	(١٦٦)
2	4058	(١٦٧)
2	4059	(١٦٨)
2	4059	(١٦٩)
2	4059	(١٧٣)
2	4059	(١٧٦)
2	4059	(١٧٧)
2	4060	(١٨١)
2	4060	(١٨٣)
2	4061	(١٨٤)
2	4061	(١٨٥)
2	4061	(١٨٦)
2	4061	(١٨٧)
2	4062	(١٨٨)
2	4062	(١٨٩)
2	4062	(١٩٢)
2	4062	(١٩٣)
2	4062	(١٩٤)
2	4063	(١٩٥)
2	4063	(١٩٦)
2	4063	(١٩٧)
2	4064	(١٩٨)
2	4064	(١٩٩)
2	4064	(٢٠٠)
2	4064	(٢٠١)
2	4064	(٢٠٢)
2	4065	(٢٠٣)
2	4065	(٢٠٤)
2	4065	(٢٠٥)
2	4065	(٢٠٨)
2	4065	(٢٠٩)
2	4066	(٢١٠)
2	4066	(٢١٢)
2	4066	(٢١٣)
2	4066	(٢١٤)
2	4067	(٢١٥)
2	4068	(٢١٦)
2	4068	(٢١٧)
2	4068	(٢١٨)
2	4068	(٢١٩)
2	4069	(٢٢٠)
2	4069	(٢٢١)
2	4070	(٢٢٣)
2	4070	(٢٢٤)
2	4071	(٢٢٥)
2	4071	(٢٢٦)
2	4071	(٢٢٧)
1	4073	سورة النمل
2	4073	(١)
2	4073	(٢)
2	4073	(٣)
2	4074	(٤)
2	4075	(٥)
2	4075	(٦)
2	4075	(٧)
2	4076	(٨)
2	4077	(٩)
2	4078	(١٠)
2	4079	(١١)
2	4079	(١٢)
2	4080	(١٣)
2	4080	(١٤)
2	4081	(١٥)
2	4082	(١٦)
2	4083	(١٧)
2	4083	(١٨)
2	4084	(١٩)
2	4085	(٢٠)
2	4086	(٢١)
2	4087	(٢٢)
2	4088	(٢٣)
2	4089	(٢٤)
2	4089	(٢٥)
2	4090	(٢٦)
2	4090	(٢٧)
2	4090	(٢٨)
2	4091	(٢٩)
2	4091	(٣٠)
2	4091	(٣١)
2	4091	(٣٢)
2	4092	(٣٣)
2	4092	(٣٤)
2	4092	(٣٥)
2	4093	(٣٦)
2	4094	(٣٧)
2	4094	(٣٨)
2	4094	(٣٩)
2	4095	(٤٠)
2	4096	(٤١)
2	4096	(٤٢)
2	4097	(٤٣)
2	4097	(٤٤)
2	4099	(٤٥)
2	4099	(٤٦)
2	4099	(٤٧)
2	4100	(٤٨)
2	4101	(٤٩)
2	4101	(٥٠)
2	4101	(٥٢)
2	4102	(٥٣)
2	4102	(٥٤)
2	4102	(٥٥)
2	4102	(٥٦)
2	4103	(٥٧)
2	4103	(٥٨)
2	4103	(٥٩)
2	4104	(٦٠)
2	4105	(٦١)
2	4106	(٦٢)
2	4106	(٦٣)
2	4106	(٦٤)
2	4107	(٦٥)
2	4107	(٦٦)
2	4109	(٦٧)
2	4109	(٦٨)
2	4109	(٦٩)
2	4109	(٧٠)
2	4110	(٧١)
2	4110	(٧٢)
2	4110	(٧٣)
2	4111	(٧٤)
2	4111	(٧٥)
2	4111	(٧٦)
2	4112	(٧٧)
2	4112	(٧٨)
2	4112	(٧٩)
2	4112	(٨٠)
2	4113	(٨١)
2	4114	(٨٢)
2	4115	(٨٣)
2	4116	(٨٤)
2	4116	(٨٥)
2	4116	(٨٦)
2	4117	(٨٧)
2	4119	(٨٨)
2	4121	(٨٩)
2	4122	(٩٠)
2	4122	(٩١)
2	4122	(٩٢)
2	4123	(٩٣)
2	4124	سورة القصص
2	4124	(١)
2	4124	(٣)
2	4124	(٤)
2	4125	(٥)
2	4125	(٦)
2	4127	(٧)
2	4128	(٨)
2	4128	(٩)
2	4128	(١٠)
2	4130	(١١)
2	4130	(١٢)
2	4131	(١٣)
2	4132	(١٤)
2	4133	(١٥)
2	4134	(١٦)
2	4135	(١٧)
2	4135	(١٨)
2	4136	(١٩)
2	4136	(٢٠)
2	4137	(٢١)
2	4138	(٢٢)
2	4138	(٢٣)
2	4139	(٢٤)
2	4139	(٢٥)
2	4140	(٢٦)
2	4141	(٢٧)
2	4142	(٢٨)
2	4142	(٢٩)
2	4143	(٣٠)
2	4144	(٣١)
2	4144	(٣٢)
2	4145	(٣٣)
2	4145	(٣٤)
2	4146	(٣٥)
2	4147	(٣٦)
2	4147	(٣٧)
2	4147	(٣٨)
2	4148	(٣٩)
2	4148	(٤٠)
2	4148	(٤١)
2	4149	(٤٢)
2	4150	(٤٣)
2	4150	(٤٤)
2	4151	(٤٥)
2	4151	(٤٦)
2	4151	(٤٧)
2	4153	(٤٨)
2	4154	(٤٩)
2	4155	(٥٠)
2	4155	(٥١)
2	4156	(٥٢)
2	4157	(٥٣)
2	4157	(٥٤)
2	4158	(٥٥)
2	4159	(٥٦)
2	4160	(٥٧)
2	4161	(٥٨)
2	4162	(٥٩)
2	4163	(٦٠)
2	4163	(٦١)
2	4164	(٦٢)
2	4164	(٦٣)
2	4165	(٦٤)
2	4166	(٦٥)
2	4166	(٦٦)
2	4167	(٦٧)
2	4168	(٦٨)
2	4169	(٦٩)
2	4169	(٧٠)
2	4170	(٧١)
2	4171	(٧٤)
2	4172	(٧٥)
2	4173	(٧٦)
2	4175	(٧٧)
2	4176	(٧٨)
2	4178	(٧٩)
2	4178	(٨٠)
2	4180	(٨١)
2	4180	(٨٢)
2	4181	(٨٣)
2	4181	(٨٤)
2	4182	(٨٥)
2	4183	(٨٦)
2	4184	(٨٧)
2	4184	(٨٨)
1	4185	سورة العنكبوت
2	4185	(١)
2	4185	(٢)
2	4186	(٣)
2	4186	(٤)
2	4186	(٥)
2	4187	(٦)
2	4187	(٧)
2	4188	(٨)
2	4188	(٩)
2	4189	(١٠)
2	4190	(١١)
2	4190	(١٢)
2	4191	(١٣)
2	4191	(١٤)
2	4192	(١٥)
2	4193	(١٦)
2	4193	(١٧)
2	4194	(١٨)
2	4194	(١٩)
2	4194	(٢٠)
2	4195	(٢١)
2	4195	(٢٢)
2	4196	(٢٣)
2	4196	(٢٤)
2	4197	(٢٥)
2	4198	(٢٦)
2	4198	(٢٧)
2	4200	(٢٨)
2	4201	(٢٩)
2	4202	(٣٠)
2	4202	(٣١)
2	4202	(٣٢)
2	4203	(٣٣)
2	4203	(٣٤)
2	4204	(٣٥)
2	4205	(٣٦)
2	4205	(٣٨)
2	4205	(٣٩)
2	4206	(٤٠)
2	4206	(٤١)
2	4207	(٤٢)
2	4208	(٤٣)
2	4208	(٤٤)
2	4209	(٤٥)
2	4211	(٤٦)
2	4212	(٤٧)
2	4213	(٤٨)
2	4213	(٤٩)
2	4214	(٥٠)
2	4215	(٥١)
2	4215	(٥٢)
2	4215	(٥٣)
2	4216	(٥٤)
2	4216	(٥٥)
2	4216	(٥٦)
2	4218	(٥٧)
2	4218	(٥٨)
2	4218	(٥٩)
2	4219	(٦٠)
2	4220	(٦١)
2	4220	(٦٣)
2	4220	(٦٤)
2	4222	(٦٥)
2	4222	(٦٦)
2	4223	(٦٧)
2	4224	(٦٨)
2	4224	(٦٩)
1	4226	سورة الروم
2	4226	(١)
2	4226	(٢)
2	4226	(٣)
2	4229	(٥)
2	4230	(٦)
2	4230	(٧)
2	4231	(٨)
2	4232	(٩)
2	4233	(١٠)
2	4233	(١١)
2	4234	(١٢)
2	4234	(١٣)
2	4235	(١٤)
2	4235	(١٥)
2	4235	(١٦)
2	4236	(١٧)
2	4236	(١٨)
2	4236	(١٩)
2	4237	(٢٠)
2	4238	(٢١)
2	4239	(٢٢)
2	4240	(٢٣)
2	4241	(٢٤)
2	4241	(٢٥)
2	4243	(٢٦)
2	4243	(٢٧)
2	4246	(٢٨)
2	4248	(٢٩)
2	4248	(٣٠)
2	4250	(٣١)
2	4251	(٣٢)
2	4252	(٣٣)
2	4253	(٣٤)
2	4254	(٣٥)
2	4255	(٣٦)
2	4255	(٣٧)
2	4257	(٣٨)
2	4258	(٣٩)
2	4260	(٤٠)
2	4261	(٤١)
2	4262	(٤٢)
2	4262	(٤٣)
2	4263	(٤٤)
2	4263	(٤٥)
2	4264	(٤٦)
2	4265	(٤٧)
2	4266	(٤٨)
2	4267	(٤٩)
2	4267	(٥٠)
2	4267	(٥١)
2	4268	(٥٢)
2	4268	(٥٣)
2	4268	(٥٤)
2	4270	(٥٥)
2	4271	(٥٦)
2	4271	(٥٧)
2	4272	(٥٨)
2	4272	(٥٩)
2	4272	(٦٠)
1	4274	سورة لقمان
2	4274	(١)
2	4274	(٢)
2	4275	(٣)
2	4275	(٤)
2	4275	(٥)
2	4275	(٦)
2	4276	(٧)
2	4277	(٨)
2	4277	(٩)
2	4277	(١٠)
2	4278	(١١)
2	4279	(١٢)
2	4280	(١٣)
2	4281	(١٤)
2	4282	(١٥)
2	4282	(١٦)
2	4284	(١٧)
2	4285	(١٨)
2	4286	(١٩)
2	4287	(٢٠)
2	4288	(٢١)
2	4290	(٢٢)
2	4291	(٢٣)
2	4292	(٢٤)
2	4293	(٢٥)
2	4294	(٢٦)
2	4294	(٢٧)
2	4295	(٢٨)
2	4296	(٢٩)
2	4296	(٣٠)
2	4297	(٣١)
2	4298	(٣٢)
2	4299	(٣٣)
2	4301	(٣٤)
1	4304	سورة السجدة
2	4304	(١)
2	4304	(٢)
2	4304	(٣)
2	4305	(٤)
2	4306	(٥)
2	4307	(٦)
2	4308	(٧)
2	4310	(٨)
2	4310	(٩)
2	4311	(١٠)
2	4312	(١١)
2	4313	(١٢)
2	4313	(١٣)
2	4314	(١٤)
2	4315	(١٥)
2	4315	(١٦)
2	4317	(١٧)
2	4317	(١٨)
2	4319	(١٩)
2	4319	(٢١)
2	4319	(٢٢)
2	4320	(٢٣)
2	4321	(٢٤)
2	4321	(٢٥)
2	4322	(٢٦)
2	4322	(٢٧)
2	4323	(٢٨)
2	4323	(٢٩)
2	4324	(٣٠)
1	4325	سورة الأحزاب
2	4325	(١)
2	4326	(٢)
2	4326	(٣)
2	4327	(٤)
2	4330	(٥)
2	4331	(٦)
2	4335	(٧)
2	4335	(٨)
2	4336	(٩)
2	4337	(١٠)
2	4338	(١١)
2	4338	(١٢)
2	4339	(١٣)
2	4340	(١٤)
2	4340	(١٥)
2	4341	(١٦)
2	4342	(١٧)
2	4342	(١٨)
2	4343	(١٩)
2	4343	(٢٠)
2	4344	(٢١)
2	4345	(٢٢)
2	4346	(٢٣)
2	4347	(٢٤)
2	4347	(٢٥)
2	4349	(٢٦)
2	4350	(٢٧)
2	4352	(٢٨)
2	4354	(٢٩)
2	4355	(٣٠)
2	4356	(٣١)
2	4356	(٣٢)
2	4358	(٣٣)
2	4361	(٣٤)
2	4361	(٣٥)
2	4364	(٣٦)
2	4366	(٣٧)
2	4370	(٣٨)
2	4371	(٣٩)
2	4372	(٤٠)
2	4373	(٤١)
2	4373	(٤٢)
2	4374	(٤٣)
2	4374	(٤٤)
2	4375	(٤٥)
2	4375	(٤٦)
2	4375	(٤٧)
2	4376	(٤٨)
2	4376	(٤٩)
2	4376	(٤٩)
2	4377	(٥٠)
2	4380	(٥١)
2	4381	(٥٢)
2	4382	(٥٣)
2	4385	(٥٤)
2	4385	(٥٥)
2	4387	(٥٦)
2	4388	(٥٧)
2	4389	(٥٨)
2	4391	(٥٩)
2	4392	(٦٠)
2	4393	(٦٢)
2	4393	(٦٣)
2	4393	(٦٤)
2	4394	(٦٥)
2	4394	(٦٦)
2	4394	(٦٧)
2	4395	(٦٨)
2	4395	(٦٩)
2	4396	(٧٠)
2	4396	(٧١)
2	4397	(٧٢)
2	4399	(٧٣)
1	4400	سورة سبإ
2	4400	(١)
2	4401	(٢)
2	4402	(٣)
2	4403	(٤)
2	4403	(٥)
2	4404	(٦)
2	4404	(٧)
2	4405	(٨)
2	4405	(٩)
2	4406	(١٠)
2	4407	(١١)
2	4408	(١٢)
2	4409	(١٣)
2	4411	(١٤)
2	4413	(١٥)
2	4414	(١٦)
2	4415	(١٧)
2	4415	(١٨)
2	4416	(١٩)
2	4418	(٢٠)
2	4418	(٢١)
2	4419	(٢٢)
2	4420	(٢٣)
2	4421	(٢٤)
2	4422	(٢٥)
2	4423	(٢٦)
2	4423	(٢٧)
2	4424	(٢٨)
2	4425	(٢٩)
2	4425	(٣٠)
2	4425	(٣١)
2	4426	(٣٢)
2	4427	(٣٣)
2	4428	(٣٤)
2	4428	(٣٥)
2	4429	(٣٦)
2	4430	(٣٧)
2	4430	(٣٨)
2	4431	(٣٩)
2	4433	(٤٠)
2	4433	(٤١)
2	4434	(٤٢)
2	4434	(٤٣)
2	4435	(٤٤)
2	4435	(٤٥)
2	4436	(٤٦)
2	4437	(٤٧)
2	4437	(٤٨)
2	4437	(٤٩)
2	4438	(٥٠)
2	4439	(٥١)
2	4440	(٥٢)
2	4440	(٥٣)
2	4440	(٥٤)
1	4442	سورة فاطر
2	4442	(١)
2	4443	(٢)
2	4445	(٣)
2	4445	(٤)
2	4446	(٥)
2	4447	(٦)
2	4448	(٧)
2	4448	(٨)
2	4449	(٩)
2	4449	(١٠)
2	4451	(١١)
2	4452	(١٢)
2	4454	(١٣)
2	4455	(١٤)
2	4456	(١٥)
2	4457	(١٦)
2	4457	(١٧)
2	4457	(١٨)
2	4458	(١٩)
2	4458	(٢٠)
2	4458	(٢١)
2	4458	(٢٢)
2	4459	(٢٣)
2	4459	(٢٤)
2	4460	(٢٥)
2	4460	(٢٦)
2	4460	(٢٧)
2	4462	(٢٨)
2	4462	(٢٩)
2	4463	(٣٠)
2	4464	(٣١)
2	4465	(٣٢)
2	4467	(٣٣)
2	4468	(٣٤)
2	4469	(٣٥)
2	4469	(٣٦)
2	4470	(٣٧)
2	4471	(٣٨)
2	4472	(٣٩)
2	4473	(٤٠)
2	4474	(٤١)
2	4475	(٤٢)
2	4475	(٤٣)
2	4476	(٤٤)
2	4477	(٤٥)
1	4479	سورة يس
2	4479	(١)
2	4479	(٢)
2	4480	(٣)
2	4480	(٤)
2	4481	(٥)
2	4481	(٦)
2	4481	(٧)
2	4482	(٨)
2	4482	(٩)
2	4484	(١١)
2	4484	(١٢)
2	4486	(١٣)
2	4486	(١٤)
2	4487	(١٥)
2	4487	(١٦)
2	4487	(١٧)
2	4487	(١٨)
2	4487	(١٩)
2	4488	(٢٠)
2	4488	(٢١)
2	4489	(٢٢)
2	4489	(٢٣)
2	4489	(٢٤)
2	4489	(٢٥)
2	4489	(٢٦)
2	4490	(٢٧)
2	4490	(٢٨)
2	4490	(٢٩)
2	4491	(٣٠)
2	4491	(٣١)
2	4492	(٣٢)
2	4492	(٣٣)
2	4493	(٣٦)
2	4493	(٣٧)
2	4496	(٣٨)
2	4497	(٣٩)
2	4498	(٤٠)
2	4499	(٤١)
2	4499	(٤٢)
2	4500	(٤٣)
2	4500	(٤٤)
2	4501	(٤٥)
2	4501	(٤٦)
2	4501	(٤٧)
2	4502	(٤٨)
2	4503	(٤٩)
2	4503	(٥٠)
2	4504	(٥١)
2	4505	(٥٢)
2	4505	(٥٣)
2	4506	(٥٤)
2	4506	(٥٥)
2	4507	(٥٦)
2	4507	(٥٧)
2	4508	(٥٨)
2	4508	(٥٩)
2	4508	(٦٠)
2	4509	(٦١)
2	4509	(٦٢)
2	4510	(٦٣)
2	4510	(٦٤)
2	4510	(٦٥)
2	4511	(٦٦)
2	4511	(٦٧)
2	4512	(٦٨)
2	4513	(٦٩)
2	4514	(٧٠)
2	4514	(٧١)
2	4515	(٧٢)
2	4515	(٧٣)
2	4515	(٧٤)
2	4515	(٧٥)
2	4516	(٧٦)
2	4516	(٧٧)
2	4517	(٧٨)
2	4518	(٧٩)
2	4518	(٨٠)
2	4519	(٨١)
2	4519	(٨٢)
2	4520	(٨٣)
1	4521	سورة الصافات
2	4521	(١)
2	4521	(٢)
2	4521	(٣)
2	4522	(٤)
2	4522	(٥)
2	4523	(٦)
2	4524	(٧)
2	4524	(٨)
2	4526	(١١)
2	4528	(١٢)
2	4529	(١٣)
2	4529	(١٤)
2	4530	(١٥)
2	4530	(١٦)
2	4530	(١٧)
2	4531	(١٨)
2	4531	(١٩)
2	4531	(٢٠)
2	4532	(٢١)
2	4532	(٢٢)
2	4532	(٢٣)
2	4532	(٢٤)
2	4533	(٢٥)
2	4533	(٢٦)
2	4533	(٢٧)
2	4533	(٢٨)
2	4533	(٢٩)
2	4534	(٣٠)
2	4534	(٣١)
2	4534	(٣٢)
2	4535	(٣٣)
2	4535	(٣٤)
2	4535	(٣٥)
2	4535	(٣٦)
2	4536	(٣٧)
2	4537	(٣٨)
2	4537	(٤٠)
2	4537	(٤١)
2	4538	(٤٢)
2	4538	(٤٣)
2	4538	(٤٤)
2	4538	(٤٥)
2	4538	(٤٦)
2	4538	(٤٧)
2	4539	(٤٨)
2	4540	(٤٩)
2	4540	(٥٠)
2	4540	(٥١)
2	4540	(٥٢)
2	4540	(٥٣)
2	4541	(٥٤)
2	4541	(٥٥)
2	4541	(٥٦)
2	4542	(٥٧)
2	4542	(٥٨)
2	4542	(٥٩)
2	4543	(٦١)
2	4543	(٦٢)
2	4543	(٦٤)
2	4544	(٦٥)
2	4545	(٦٦)
2	4545	(٦٧)
2	4545	(٦٨)
2	4545	(٦٩)
2	4545	(٧٠)
2	4546	(٧١)
2	4546	(٧٢)
2	4546	(٧٣)
2	4546	(٧٤)
2	4546	(٧٥)
2	4547	(٧٦)
2	4547	(٧٧)
2	4547	(٧٨)
2	4548	(٧٩)
2	4548	(٨٠)
2	4548	(٨١)
2	4549	(٨٣)
2	4549	(٨٤)
2	4549	(٨٥)
2	4549	(٨٦)
2	4550	(٨٧)
2	4550	(٨٨)
2	4550	(٨٩)
2	4551	(٩١)
2	4551	(٩٢)
2	4551	(٩٣)
2	4551	(٩٤)
2	4552	(٩٥)
2	4552	(٩٦)
2	4553	(٩٧)
2	4553	(٩٨)
2	4553	(٩٩)
2	4554	(١٠٠)
2	4554	(١٠١)
2	4554	(١٠٢)
2	4555	(١٠٣)
2	4556	(١٠٤)
2	4556	(١٠٥)
2	4557	(١٠٦)
2	4557	(١٠٧)
2	4558	(١٠٨)
2	4558	(١٠٩)
2	4558	(١١٠)
2	4558	(١١١)
2	4558	(١١٢)
2	4559	(١١٣)
2	4560	(١١٤)
2	4560	(١١٥)
2	4560	(١١٦)
2	4561	(١١٧)
2	4561	(١١٨)
2	4561	(١١٩)
2	4561	(١٢٠)
2	4561	(١٢١)
2	4561	(١٢٢)
2	4562	(١٢٣)
2	4562	(١٢٤)
2	4562	(١٢٥)
2	4563	(١٢٦)
2	4563	(١٢٧)
2	4563	(١٢٩)
2	4563	(١٣٠)
2	4563	(١٣٣)
2	4563	(١٣٧)
2	4563	(١٣٨)
2	4564	(١٣٩)
2	4564	(١٤٠)
2	4564	(١٤١)
2	4564	(١٤٢)
2	4565	(١٤٣)
2	4565	(١٤٤)
2	4565	(١٤٥)
2	4565	(١٤٦)
2	4566	(١٤٧)
2	4566	(١٤٨)
2	4567	(١٤٩)
2	4568	(١٥١)
2	4568	(١٥٢)
2	4568	(١٥٣)
2	4568	(١٥٤)
2	4568	(١٥٥)
2	4568	(١٥٦)
2	4568	(١٥٧)
2	4568	(١٥٨)
2	4569	(١٥٩)
2	4569	(١٦٠)
2	4569	(١٦١)
2	4570	(١٦٢)
2	4570	(١٦٣)
2	4570	(١٦٤)
2	4570	(١٦٩)
2	4571	(١٧٠)
2	4571	(١٧١)
2	4571	(١٧٢)
2	4571	(١٧٣)
2	4571	(١٧٤)
2	4572	(١٧٥)
2	4572	(١٧٦)
2	4572	(١٧٧)
2	4572	(١٧٨)
2	4572	(١٧٩)
2	4573	(١٨٠)
2	4573	(١٨١)
2	4573	(١٨٢)
1	4574	سورة (ص)
2	4574	(١)
2	4574	(٢)
2	4575	(٣)
2	4576	(٤)
2	4577	(٥)
2	4577	(٦)
2	4577	(٧)
2	4578	(٨)
2	4579	(٩)
2	4580	(١٠)
2	4580	(١١)
2	4581	(١٢)
2	4581	(١٣)
2	4581	(١٤)
2	4582	(١٥)
2	4585	(١٦)
2	4586	(١٧)
2	4588	(١٨)
2	4589	(١٩)
2	4590	(٢٠)
2	4591	(٢١)
2	4592	(٢٢)
2	4594	(٢٣)
2	4594	(٢٤)
2	4596	(٢٥)
2	4597	(٢٦)
2	4598	(٢٧)
2	4598	(٢٨)
2	4600	(٢٩)
2	4600	(٣٠)
2	4600	(٣١)
2	4601	(٣٢)
2	4601	(٣٣)
2	4603	(٣٤)
2	4604	(٣٥)
2	4605	(٣٦)
2	4606	(٣٧)
2	4606	(٣٨)
2	4606	(٣٩)
2	4609	(٤١)
2	4610	(٤٢)
2	4611	(٤٤)
2	4613	(٤٥)
2	4614	(٤٦)
2	4614	(٤٧)
2	4614	(٤٨)
2	4615	(٤٩)
2	4615	(٥٠)
2	4616	(٥١)
2	4616	(٥٢)
2	4616	(٥٣)
2	4616	(٥٤)
2	4617	(٥٥)
2	4617	(٥٦)
2	4617	(٥٧)
2	4617	(٥٨)
2	4618	(٥٩)
2	4618	(٦٠)
2	4618	(٦١)
2	4618	(٦٢)
2	4619	(٦٣)
2	4620	(٦٤)
2	4620	(٦٥)
2	4620	(٦٦)
2	4621	(٦٧)
2	4621	(٦٨)
2	4621	(٦٩)
2	4622	(٧١)
2	4622	(٧٢)
2	4623	(٧٣)
2	4623	(٧٤)
2	4623	(٧٥)
2	4625	(٧٦)
2	4625	(٧٧)
2	4625	(٧٨)
2	4626	(٨٠)
2	4626	(٨١)
2	4626	(٨٢)
2	4626	(٨٣)
2	4626	(٨٤)
2	4627	(٨٥)
2	4627	(٨٦)
2	4628	(٨٧)
2	4628	(٨٨)
1	4629	سورة الزمر
2	4629	(١)
2	4630	(٢)
2	4630	(٣)
2	4633	(٤)
2	4634	(٥)
2	4635	(٦)
2	4638	(٧)
2	4640	(٨)
2	4641	(٩)
2	4642	(١٠)
2	4644	(١١)
2	4644	(١٢)
2	4644	(١٣)
2	4644	(١٤)
2	4645	(١٥)
2	4645	(١٦)
2	4646	(١٧)
2	4646	(١٨)
2	4647	(١٩)
2	4648	(٢٠)
2	4648	(٢١)
2	4650	(٢٢)
2	4651	(٢٣)
2	4653	(٢٤)
2	4654	(٢٥)
2	4654	(٢٦)
2	4654	(٢٧)
2	4655	(٢٨)
2	4655	(٢٩)
2	4656	(٣٠)
2	4657	(٣١)
2	4658	(٣٢)
2	4658	(٣٣)
2	4659	(٣٤)
2	4659	(٣٥)
2	4660	(٣٦)
2	4661	(٣٧)
2	4661	(٣٨)
2	4661	(٣٩)
2	4662	(٤٠)
2	4662	(٤١)
2	4663	(٤٢)
2	4665	(٤٣)
2	4666	(٤٤)
2	4666	(٤٥)
2	4667	(٤٦)
2	4668	(٤٧)
2	4668	(٤٨)
2	4669	(٤٩)
2	4670	(٥٠)
2	4670	(٥١)
2	4670	(٥٢)
2	4671	(٥٣)
2	4672	(٥٤)
2	4673	(٥٥)
2	4674	(٥٦)
2	4674	(٥٧)
2	4675	(٥٨)
2	4675	(٥٩)
2	4676	(٦٠)
2	4677	(٦١)
2	4677	(٦٢)
2	4678	(٦٣)
2	4679	(٦٤)
2	4680	(٦٥)
2	4680	(٦٦)
2	4680	(٦٧)
2	4683	(٦٨)
2	4684	(٦٩)
2	4686	(٧٠)
2	4686	(٧١)
2	4687	(٧٢)
2	4687	(٧٣)
2	4688	(٧٤)
2	4689	(٧٥)
1	4690	سورة حم المؤمن
2	4690	(١)
2	4690	(٢)
2	4690	(٣)
2	4691	(٤)
2	4692	(٥)
2	4692	(٦)
2	4693	(٧)
2	4695	(٨)
2	4696	(٩)
2	4696	(١٠)
2	4697	(١١)
2	4697	(١٢)
2	4698	(١٣)
2	4699	(١٤)
2	4699	(١٥)
2	4700	(١٦)
2	4701	(١٧)
2	4701	(١٨)
2	4703	(١٩)
2	4703	(٢٠)
2	4704	(٢١)
2	4706	(٢٢)
2	4706	(٢٣)
2	4706	(٢٤)
2	4707	(٢٥)
2	4707	(٢٦)
2	4708	(٢٧)
2	4709	(٢٨)
2	4711	(٢٩)
2	4711	(٣٠)
2	4711	(٣١)
2	4713	(٣٢)
2	4713	(٣٣)
2	4714	(٣٤)
2	4715	(٣٥)
2	4716	(٣٦)
2	4717	(٣٧)
2	4718	(٣٨)
2	4718	(٣٩)
2	4718	(٤٠)
2	4718	(٤١)
2	4719	(٤٢)
2	4719	(٤٣)
2	4719	(٤٤)
2	4720	(٤٥)
2	4720	(٤٦)
2	4722	(٤٧)
2	4722	(٤٨)
2	4723	(٤٩)
2	4723	(٥٠)
2	4724	(٥١)
2	4726	(٥٢)
2	4726	(٥٣)
2	4727	(٥٤)
2	4727	(٥٥)
2	4729	(٥٦)
2	4730	(٥٧)
2	4731	(٥٨)
2	4731	(٥٩)
2	4732	(٦٠)
2	4733	(٦١)
2	4733	(٦٢)
2	4734	(٦٣)
2	4734	(٦٤)
2	4734	(٦٥)
2	4735	(٦٦)
2	4736	(٦٧)
2	4736	(٦٨)
2	4737	(٦٩)
2	4737	(٧٠)
2	4737	(٧١)
2	4738	(٧٢)
2	4738	(٧٣)
2	4738	(٧٤)
2	4739	(٧٥)
2	4739	(٧٦)
2	4740	(٧٧)
2	4740	(٧٨)
2	4741	(٧٩)
2	4742	(٨١)
2	4742	(٨٢)
2	4743	(٨٣)
2	4743	(٨٤)
2	4744	(٨٥)
1	4745	سورة فصلت
2	4745	(١)
2	4745	(٢)
2	4745	(٣)
2	4746	(٤)
2	4746	(٥)
2	4747	(٦)
2	4748	(٧)
2	4748	(٨)
2	4749	(٩)
2	4750	(١٠)
2	4752	(١١)
2	4754	(١٢)
2	4755	(١٣)
2	4756	(١٤)
2	4757	(١٥)
2	4757	(١٦)
2	4758	(١٧)
2	4758	(١٨)
2	4759	(١٩)
2	4759	(٢٠)
2	4759	(٢١)
2	4760	(٢٢)
2	4760	(٢٣)
2	4761	(٢٤)
2	4762	(٢٥)
2	4763	(٢٦)
2	4763	(٢٧)
2	4763	(٢٨)
2	4764	(٢٩)
2	4764	(٣٠)
2	4766	(٣١)
2	4767	(٣٢)
2	4767	(٣٣)
2	4768	(٣٤)
2	4769	(٣٥)
2	4769	(٣٦)
2	4770	(٣٧)
2	4771	(٣٨)
2	4771	(٣٩)
2	4773	(٤٠)
2	4773	(٤١)
2	4774	(٤٢)
2	4775	(٤٣)
2	4775	(٤٤)
2	4778	(٤٥)
2	4779	(٤٦)
2	4780	(٤٧)
2	4782	(٤٨)
2	4782	(٤٩)
2	4784	(٥٠)
2	4784	(٥١)
2	4785	(٥٢)
2	4785	(٥٣)
2	4786	(٥٤)
1	4787	سورة (حم عسق)
2	4787	(١)
2	4787	(٢)
2	4788	(٤)
2	4789	(٥)
2	4791	(٦)
2	4791	(٧)
2	4792	(٨)
2	4794	(٩)
2	4794	(١٠)
2	4795	(١١)
2	4797	(١٢)
2	4798	(١٣)
2	4800	(١٤)
2	4801	(١٥)
2	4802	(١٦)
2	4803	(١٧)
2	4804	(١٨)
2	4804	(١٩)
2	4805	(٢٠)
2	4806	(٢١)
2	4807	(٢٢)
2	4808	(٢٣)
2	4810	(٢٤)
2	4811	(٢٥)
2	4811	(٢٦)
2	4812	(٢٧)
2	4813	(٢٨)
2	4814	(٢٩)
2	4815	(٣٠)
2	4816	(٣١)
2	4816	(٣٢)
2	4817	(٣٣)
2	4818	(٣٤)
2	4818	(٣٥)
2	4819	(٣٦)
2	4819	(٣٧)
2	4820	(٣٨)
2	4820	(٣٩)
2	4821	(٤٠)
2	4822	(٤١)
2	4822	(٤٢)
2	4822	(٤٣)
2	4822	(٤٤)
2	4823	(٤٥)
2	4824	(٤٦)
2	4825	(٤٧)
2	4826	(٤٨)
2	4826	(٤٩)
2	4827	(٥٠)
2	4828	(٥١)
2	4829	(٥٢)
2	4831	(٥٣)
1	4832	سورة الزخرف
2	4832	(١)
2	4832	(٢)
2	4832	(٣)
2	4833	(٤)
2	4833	(٥)
2	4836	(٦)
2	4836	(٧)
2	4836	(٨)
2	4837	(٩)
2	4838	(١٠)
2	4838	(١١)
2	4839	(١٢)
2	4839	(١٣)
2	4840	(١٤)
2	4840	(١٥)
2	4841	(١٦)
2	4841	(١٧)
2	4842	(١٨)
2	4843	(١٩)
2	4844	(٢٠)
2	4846	(٢١)
2	4846	(٢٢)
2	4846	(٢٣)
2	4846	(٢٤)
2	4846	(٢٥)
2	4847	(٢٦)
2	4847	(٢٧)
2	4848	(٢٨)
2	4848	(٢٩)
2	4849	(٣٠)
2	4849	(٣١)
2	4849	(٣٢)
2	4850	(٣٣)
2	4852	(٣٥)
2	4852	(٣٦)
2	4853	(٣٧)
2	4853	(٣٨)
2	4854	(٣٩)
2	4854	(٤٠)
2	4854	(٤١)
2	4854	(٤٢)
2	4855	(٤٣)
2	4855	(٤٤)
2	4856	(٤٥)
2	4857	(٤٦)
2	4857	(٤٧)
2	4857	(٤٨)
2	4858	(٤٩)
2	4859	(٥٠)
2	4859	(٥١)
2	4860	(٥٢)
2	4860	(٥٣)
2	4861	(٥٤)
2	4861	(٥٥)
2	4861	(٥٦)
2	4862	(٥٧)
2	4864	(٥٨)
2	4864	(٥٩)
2	4865	(٦٠)
2	4865	(٦١)
2	4866	(٦٢)
2	4866	(٦٣)
2	4867	(٦٤)
2	4868	(٦٥)
2	4869	(٦٦)
2	4869	(٦٧)
2	4870	(٦٨)
2	4870	(٦٩)
2	4871	(٧٠)
2	4871	(٧١)
2	4872	(٧٢)
2	4872	(٧٣)
2	4873	(٧٤)
2	4873	(٧٥)
2	4873	(٧٦)
2	4873	(٧٧)
2	4874	(٧٨)
2	4875	(٧٩)
2	4875	(٨٠)
2	4876	(٨١)
2	4876	(٨٢)
2	4877	(٨٣)
2	4877	(٨٤)
2	4878	(٨٥)
2	4880	(٨٦)
2	4881	(٨٧)
2	4882	(٨٨)
1	4883	سورة حم الدخان
2	4883	(١)
2	4883	(٢)
2	4883	(٣)
2	4883	(٣)
2	4884	(٤)
2	4884	(٥)
2	4884	(٦)
2	4884	(٧)
2	4885	(٨)
2	4885	(٩)
2	4885	(١٠)
2	4887	(١١)
2	4887	(١٢)
2	4887	(١٣)
2	4887	(١٤)
2	4887	(١٥)
2	4888	(١٦)
2	4888	(١٧)
2	4889	(١٨)
2	4889	(١٩)
2	4889	(٢٠)
2	4890	(٢١)
2	4890	(٢٢)
2	4890	(٢٣)
2	4891	(٢٤)
2	4891	(٢٥)
2	4891	(٢٦)
2	4891	(٢٧)
2	4891	(٢٨)
2	4892	(٢٩)
2	4892	(٣٠)
2	4893	(٣١)
2	4893	(٣٢)
2	4893	(٣٣)
2	4894	(٣٤)
2	4894	(٣٥)
2	4894	(٣٦)
2	4895	(٣٧)
2	4895	(٣٨)
2	4896	(٣٩)
2	4896	(٤٠)
2	4897	(٤١)
2	4897	(٤٢)
2	4897	(٤٣)
2	4897	(٤٤)
2	4898	(٤٥)
2	4898	(٤٦)
2	4898	(٤٧)
2	4899	(٤٨)
2	4899	(٤٩)
2	4899	(٥١)
2	4900	(٥٢)
2	4900	(٥٣)
2	4900	(٥٤)
2	4900	(٥٥)
2	4901	(٥٦)
2	4902	(٥٧)
2	4902	(٥٨)
2	4902	(٥٩)
1	4903	سورة الجاثية
2	4903	(١)
2	4903	(٢)
2	4903	(٣)
2	4904	(٦)
2	4904	(٧)
2	4905	(٨)
2	4905	(٩)
2	4905	(١٠)
2	4905	(١١)
2	4906	(١٢)
2	4906	(١٣)
2	4907	(١٤)
2	4908	(١٥)
2	4908	(١٦)
2	4909	(١٧)
2	4910	(١٨)
2	4911	(١٩)
2	4911	(٢٠)
2	4912	(٢١)
2	4913	(٢٢)
2	4914	(٢٣)
2	4915	(٢٤)
2	4916	(٢٥)
2	4916	(٢٦)
2	4917	(٢٧)
2	4918	(٢٨)
2	4918	(٢٩)
2	4919	(٣٠)
2	4920	(٣١)
2	4920	(٣٢)
2	4921	(٣٣)
2	4921	(٣٤)
2	4922	(٣٥)
2	4922	(٣٦)
2	4923	(٣٧)
1	4924	سورة الأحقاف
2	4924	(١)
2	4924	(٢)
2	4924	(٣)
2	4924	(٤)
2	4924	(٤)
2	4926	(٥)
2	4926	(٦)
2	4927	(٧)
2	4927	(٨)
2	4928	(٩)
2	4930	(١٠)
2	4930	(١١)
2	4930	(١٢)
2	4931	(١٣)
2	4931	(١٤)
2	4932	(١٥)
2	4935	(١٦)
2	4935	(١٧)
2	4936	(١٩)
2	4936	(٢٠)
2	4937	(٢١)
2	4939	(٢٢)
2	4939	(٢٣)
2	4939	(٢٤)
2	4939	(٢٥)
2	4941	(٢٦)
2	4942	(٢٧)
2	4943	(٢٨)
2	4944	(٢٩)
2	4944	(٣٠)
2	4944	(٣١)
2	4945	(٣٢)
2	4945	(٣٣)
2	4946	(٣٤)
2	4946	(٣٥)
1	4949	سورة محمد
2	4949	(١)
2	4950	(٢)
2	4950	(٣)
2	4950	(٤)
2	4953	(٥)
2	4954	(٦)
2	4954	(٧)
2	4954	(٨)
2	4954	(٩)
2	4955	(١٠)
2	4955	(١١)
2	4956	(١٢)
2	4956	(١٣)
2	4957	(١٤)
2	4958	(١٥)
2	4959	(١٦)
2	4960	(١٧)
2	4960	(١٨)
2	4961	(١٩)
2	4963	(٢٠)
2	4965	(٢١)
2	4965	(٢٢)
2	4966	(٢٣)
2	4967	(٢٤)
2	4967	(٢٥)
2	4967	(٢٦)
2	4968	(٢٧)
2	4968	(٢٨)
2	4968	(٢٩)
2	4969	(٣٠)
2	4969	(٣١)
2	4970	(٣٢)
2	4971	(٣٣)
2	4972	(٣٤)
2	4972	(٣٥)
2	4973	(٣٦)
2	4974	(٣٧)
2	4974	(٣٨)
1	4977	سورة الفتح
2	4977	(١)
2	4979	(٢)
2	4979	(٣)
2	4980	(٤)
2	4981	(٥)
2	4982	(٦)
2	4983	(٧)
2	4983	(٨)
2	4984	(٩)
2	4985	(١٠)
2	4987	(١١)
2	4988	(١٢)
2	4989	(١٣)
2	4989	(١٤)
2	4990	(١٥)
2	4991	(١٦)
2	4992	(١٧)
2	4992	(١٨)
2	4994	(١٩)
2	4994	(٢٣)
2	4995	(٢٤)
2	4996	(٢٥)
2	4998	(٢٦)
2	4999	(٢٧)
2	5002	(٢٨)
2	5003	(٢٩)
1	5009	سورة الحجرات
2	5009	(١)
2	5010	(٢)
2	5012	(٣)
2	5012	(٤)
2	5013	(٥)
2	5013	(٦)
2	5015	(٧)
2	5017	(٨)
2	5017	(٩)
2	5019	(١٠)
2	5020	(١١)
2	5022	(١٢)
2	5023	(١٣)
2	5025	(١٤)
2	5027	(١٥)
2	5027	(١٦)
2	5027	(١٧)
2	5028	(١٨)
1	5029	سورة (ق)
2	5029	(١)
2	5032	(٢)
2	5032	(٣)
2	5032	(٤)
2	5032	(٥)
2	5033	(٦)
2	5034	(٧)
2	5034	(٨)
2	5034	(٩)
2	5035	(١٠)
2	5035	(١١)
2	5036	(١٢)
2	5036	(١٢)
2	5036	(١٣)
2	5037	(١٤)
2	5037	(١٥)
2	5037	(١٦)
2	5039	(١٧)
2	5041	(١٨)
2	5042	(١٩)
2	5043	(٢٠)
2	5043	(٢١)
2	5044	(٢٢)
2	5044	(٢٣)
2	5045	(٢٤)
2	5045	(٢٥)
2	5045	(٢٦)
2	5046	(٢٧)
2	5047	(٢٩)
2	5048	(٣٠)
2	5049	(٣١)
2	5050	(٣٢)
2	5050	(٣٣)
2	5050	(٣٤)
2	5051	(٣٥)
2	5052	(٣٦)
2	5053	(٣٧)
2	5053	(٣٨)
2	5054	(٣٩)
2	5055	(٤٠)
2	5055	(٤١)
2	5056	(٤٢)
2	5057	(٤٣)
2	5057	(٤٤)
2	5057	(٤٥)
1	5059	سورة الذاريات
2	5059	(١)
2	5059	(٢)
2	5059	(٣)
2	5059	(٤)
2	5061	(٥)
2	5061	(٦)
2	5061	(٧)
2	5061	(٨)
2	5063	(٩)
2	5063	(١٠)
2	5064	(١١)
2	5064	(١٢)
2	5065	(١٣)
2	5065	(١٤)
2	5065	(١٥)
2	5066	(١٦)
2	5066	(١٧)
2	5066	(١٨)
2	5067	(١٩)
2	5068	(٢٠)
2	5068	(٢١)
2	5069	(٢٢)
2	5069	(٢٣)
2	5070	(٢٤)
2	5071	(٢٥)
2	5071	(٢٦)
2	5072	(٢٨)
2	5073	(٢٩)
2	5073	(٣٠)
2	5073	(٣١)
2	5073	(٣٢)
2	5073	(٣٣)
2	5074	(٣٤)
2	5074	(٣٥)
2	5074	(٣٦)
2	5074	(٣٧)
2	5074	(٣٨)
2	5075	(٣٩)
2	5075	(٤٠)
2	5075	(٤١)
2	5076	(٤٢)
2	5076	(٤٣)
2	5077	(٤٤)
2	5077	(٤٥)
2	5077	(٤٦)
2	5077	(٤٧)
2	5078	(٤٨)
2	5078	(٤٩)
2	5078	(٥٠)
2	5079	(٥١)
2	5079	(٥٢)
2	5080	(٥٣)
2	5080	(٥٤)
2	5081	(٥٥)
2	5081	(٥٦)
2	5083	(٥٧)
2	5083	(٥٨)
2	5084	(٥٩)
2	5085	(٦٠)
1	5086	سورة الطور
2	5086	(١)
2	5087	(٢)
2	5088	(٣)
2	5088	(٤)
2	5088	(٥)
2	5089	(٦)
2	5089	(٩)
2	5089	(١٠)
2	5089	(١١)
2	5090	(١٢)
2	5090	(١٣)
2	5090	(١٤)
2	5090	(١٥)
2	5090	(١٦)
2	5091	(١٧)
2	5091	(١٨)
2	5091	(١٩)
2	5092	(٢٠)
2	5092	(٢١)
2	5093	(٢٢)
2	5093	(٢٣)
2	5094	(٢٤)
2	5094	(٢٥)
2	5094	(٢٦)
2	5094	(٢٨)
2	5095	(٢٩)
2	5095	(٣٠)
2	5095	(٣١)
2	5095	(٣٢)
2	5096	(٣٣)
2	5096	(٣٤)
2	5096	(٣٥)
2	5097	(٣٦)
2	5097	(٣٧)
2	5098	(٣٨)
2	5098	(٣٩)
2	5098	(٤٠)
2	5098	(٤١)
2	5098	(٤٢)
2	5098	(٤٣)
2	5099	(٤٤)
2	5099	(٤٥)
2	5100	(٤٦)
2	5100	(٤٧)
2	5100	(٤٨)
2	5102	(٤٩)
1	5103	سورة النجم
2	5103	(١)
2	5104	(٢)
2	5104	(٣)
2	5104	(٤)
2	5104	(٥)
2	5104	(٦)
2	5105	(٧)
2	5105	(٨)
2	5105	(٩)
2	5106	(١٠)
2	5106	(١١)
2	5108	(١٢)
2	5108	(١٣)
2	5108	(١٤)
2	5109	(١٥)
2	5109	(١٦)
2	5110	(١٧)
2	5110	(١٨)
2	5110	(١٩)
2	5110	(٢٠)
2	5111	(٢٢)
2	5113	(٢٣)
2	5113	(٢٤)
2	5114	(٢٥)
2	5114	(٢٦)
2	5114	(٢٧)
2	5114	(٢٨)
2	5115	(٢٩)
2	5115	(٣٠)
2	5115	(٣١)
2	5116	(٣٢)
2	5119	(٣٣)
2	5119	(٣٤)
2	5120	(٣٥)
2	5120	(٣٦)
2	5120	(٣٧)
2	5120	(٣٨)
2	5120	(٣٩)
2	5121	(٤٠)
2	5121	(٤١)
2	5121	(٤٣)
2	5122	(٤٤)
2	5122	(٤٥)
2	5122	(٤٦)
2	5122	(٤٧)
2	5122	(٤٨)
2	5123	(٤٩)
2	5123	(٥٠)
2	5124	(٥١)
2	5124	(٥٢)
2	5124	(٥٣)
2	5124	(٥٤)
2	5125	(٥٥)
2	5125	(٥٦)
2	5125	(٥٧)
2	5125	(٥٨)
2	5126	(٥٩)
2	5126	(٦٠)
2	5126	(٦١)
2	5126	(٦٢)
1	5128	سورة القمر
2	5128	(١)
2	5129	(٢)
2	5130	(٣)
2	5130	(٤)
2	5130	(٥)
2	5131	(٦)
2	5131	(٧)
2	5131	(٨)
2	5132	(٩)
2	5133	(١٠)
2	5133	(١١)
2	5133	(١٢)
2	5134	(١٣)
2	5134	(١٤)
2	5135	(١٥)
2	5136	(١٦)
2	5136	(١٧)
2	5137	(١٨)
2	5137	(١٩)
2	5137	(٢٠)
2	5137	(٢١)
2	5137	(٢٣)
2	5138	(٢٤)
2	5138	(٢٥)
2	5139	(٢٦)
2	5139	(٢٧)
2	5139	(٢٨)
2	5140	(٢٩)
2	5140	(٣١)
2	5141	(٣٢)
2	5141	(٣٣)
2	5141	(٣٤)
2	5142	(٣٥)
2	5142	(٣٦)
2	5142	(٣٧)
2	5142	(٣٨)
2	5143	(٣٩)
2	5143	(٤١)
2	5143	(٤٢)
2	5143	(٤٣)
2	5144	(٤٤)
2	5144	(٤٥)
2	5144	(٤٦)
2	5144	(٤٧)
2	5144	(٤٨)
2	5144	(٤٩)
2	5145	(٥٠)
2	5145	(٥١)
2	5146	(٥٢)
2	5146	(٥٣)
2	5146	(٥٤)
2	5146	(٥٥)
1	5148	سورة الرحمن
2	5148	(١)
2	5148	(٢)
2	5148	(٣)
2	5148	(٤)
2	5149	(٥)
2	5149	(٦)
2	5150	(٧)
2	5151	(٨)
2	5151	(٩)
2	5151	(١٠)
2	5152	(١١)
2	5152	(١٢)
2	5152	(١٣)
2	5154	(١٤)
2	5155	(١٥)
2	5155	(١٦)
2	5156	(١٧)
2	5156	(١٩)
2	5156	(٢٠)
2	5157	(٢٢)
2	5158	(٢٤)
2	5159	(٢٥)
2	5159	(٢٦)
2	5159	(٢٧)
2	5159	(٢٩)
2	5160	(٣١)
2	5161	(٣٣)
2	5162	(٣٥)
2	5163	(٣٦)
2	5163	(٣٧)
2	5164	(٣٩)
2	5164	(٤١)
2	5165	(٤٣)
2	5165	(٤٤)
2	5165	(٤٥)
2	5165	(٤٦)
2	5166	(٤٨)
2	5167	(٥٠)
2	5167	(٥٢)
2	5167	(٥٤)
2	5168	(٥٦)
2	5169	(٥٨)
2	5169	(٦٠)
2	5170	(٦٢)
2	5170	(٦٤)
2	5170	(٦٦)
2	5171	(٦٨)
2	5171	(٧٠)
2	5171	(٧٢)
2	5171	(٧٦)
2	5172	(٧٨)
1	5173	سورة الواقعة
2	5173	(١)
2	5173	(٢)
2	5174	(٣)
2	5174	(٤)
2	5174	(٥)
2	5174	(٦)
2	5175	(٧)
2	5175	(٨)
2	5175	(٩)
2	5175	(١٠)
2	5176	(١١)
2	5176	(١٢)
2	5176	(١٣)
2	5176	(١٤)
2	5177	(١٥)
2	5177	(١٦)
2	5177	(١٧)
2	5178	(١٨)
2	5178	(١٩)
2	5178	(٢٠)
2	5178	(٢١)
2	5179	(٢٢)
2	5179	(٢٣)
2	5179	(٢٤)
2	5179	(٢٥)
2	5179	(٢٦)
2	5180	(٢٧)
2	5180	(٢٨)
2	5180	(٢٩)
2	5180	(٣٠)
2	5181	(٣١)
2	5181	(٣٢)
2	5181	(٣٣)
2	5181	(٣٤)
2	5181	(٣٥)
2	5182	(٣٦)
2	5182	(٣٧)
2	5183	(٤٠)
2	5183	(٤١)
2	5184	(٤٢)
2	5184	(٤٣)
2	5184	(٤٤)
2	5184	(٤٥)
2	5184	(٤٦)
2	5185	(٤٧)
2	5185	(٤٨)
2	5185	(٤٩)
2	5185	(٥٠)
2	5185	(٥١)
2	5185	(٥٢)
2	5185	(٥٣)
2	5186	(٥٤)
2	5186	(٥٥)
2	5186	(٥٦)
2	5186	(٥٧)
2	5186	(٥٨)
2	5186	(٥٩)
2	5187	(٦٠)
2	5187	(٦١)
2	5188	(٦٢)
2	5188	(٦٣)
2	5188	(٦٤)
2	5188	(٦٥)
2	5189	(٦٦)
2	5189	(٦٧)
2	5189	(٦٨)
2	5189	(٦٩)
2	5189	(٧٠)
2	5190	(٧١)
2	5190	(٧٢)
2	5190	(٧٣)
2	5191	(٧٥)
2	5191	(٧٦)
2	5193	(٧٧)
2	5193	(٧٨)
2	5193	(٧٩)
2	5193	(٨٠)
2	5193	(٨١)
2	5193	(٨٢)
2	5194	(٨٣)
2	5194	(٨٤)
2	5195	(٨٥)
2	5195	(٨٦)
2	5195	(٨٧)
2	5196	(٨٨)
2	5196	(٨٩)
2	5197	(٩٠)
2	5197	(٩١)
2	5197	(٩٥)
2	5197	(٩٦)
1	5198	سورة الحديد
2	5198	(١)
2	5199	(٢)
2	5199	(٣)
2	5200	(٤)
2	5201	(٥)
2	5202	(٦)
2	5202	(٧)
2	5203	(٨)
2	5204	(٩)
2	5205	(١٠)
2	5206	(١١)
2	5207	(١٢)
2	5208	(١٣)
2	5209	(١٤)
2	5210	(١٥)
2	5210	(١٦)
2	5212	(١٧)
2	5212	(١٨)
2	5213	(١٩)
2	5214	(٢٠)
2	5217	(٢١)
2	5218	(٢٢)
2	5219	(٢٣)
2	5220	(٢٤)
2	5222	(٢٥)
2	5225	(٢٦)
2	5225	(٢٧)
2	5227	(٢٨)
2	5229	(٢٩)
1	5231	سورة المجادلة
2	5231	(١)
2	5237	(٢)
2	5240	(٣)
2	5247	(٤)
2	5252	(٥)
2	5253	(٦)
2	5254	(٧)
2	5254	(٨)
2	5256	(٩)
2	5257	(١٠)
2	5258	(١١)
2	5260	(١٢)
2	5261	(١٣)
2	5262	(١٤)
2	5262	(١٥)
2	5262	(١٦)
2	5263	(١٧)
2	5263	(١٨)
2	5263	(١٩)
2	5264	(٢٠)
2	5264	(٢١)
2	5264	(٢٢)
1	5266	سورة الحشر
2	5266	(١)
2	5266	(٢)
2	5269	(٣)
2	5269	(٤)
2	5269	(٥)
2	5270	(٦)
2	5272	(٧)
2	5274	(٨)
2	5276	(٩)
2	5278	(١٠)
2	5279	(١١)
2	5280	(١٢)
2	5281	(١٣)
2	5282	(١٤)
2	5283	(١٥)
2	5284	(١٦)
2	5284	(١٧)
2	5284	(١٨)
2	5286	(١٩)
2	5287	(٢٠)
2	5288	(٢١)
2	5290	(٢٢)
2	5291	(٢٣)
2	5293	(٢٤)
1	5294	سورة الممتحنة
2	5294	(١)
2	5297	(٢)
2	5297	(٣)
2	5297	(٤)
2	5299	(٥)
2	5299	(٦)
2	5301	(٧)
2	5301	(٨)
2	5303	(١٠)
2	5306	(١١)
2	5312	(١٢)
2	5313	(١٣)
1	5314	سورة الصف
2	5314	(١)
2	5314	(٢)
2	5315	(٣)
2	5315	(٤)
2	5316	(٥)
2	5318	(٦)
2	5319	(٧)
2	5319	(٨)
2	5320	(٩)
2	5321	(١٠)
2	5323	(١١)
2	5323	(١٢)
2	5323	(١٣)
2	5323	(١٤)
1	5325	سورة الجمعة
2	5325	(١)
2	5326	(٢)
2	5329	(٣)
2	5329	(٤)
2	5330	(٥)
2	5331	(٦)
2	5332	(٧)
2	5332	(٨)
2	5333	(٩)
2	5336	(١٠)
2	5336	(١١)
1	5340	سورة المنافقون
2	5340	(١)
2	5341	(٢)
2	5342	(٣)
2	5343	(٤)
2	5345	(٥)
2	5347	(٦)
2	5348	(٧)
2	5348	(٨)
2	5349	(٩)
2	5350	(١٠)
2	5351	(١١)
1	5352	سورة التغابن
2	5352	(١)
2	5353	(٢)
2	5354	(٣)
2	5355	(٤)
2	5355	(٥)
2	5356	(٦)
2	5357	(٧)
2	5358	(٨)
2	5358	(٩)
2	5360	(١٠)
2	5361	(١١)
2	5363	(١٢)
2	5363	(١٣)
2	5364	(١٤)
2	5365	(١٥)
2	5365	(١٦)
2	5368	(١٧)
2	5370	(١٨)
1	5371	سورة الطلاق
2	5371	(١)
2	5375	(٢)
2	5379	(٣)
2	5381	(٤)
2	5385	(٥)
2	5385	(٦)
2	5390	(٧)
2	5391	(٨)
2	5393	(٩)
2	5393	(١٠)
2	5393	(١١)
2	5394	(١٢)
1	5397	سورة التحريم
2	5397	(١)
2	5399	(٢)
2	5404	(٣)
2	5405	(٤)
2	5407	(٥)
2	5410	(٦)
2	5413	(٧)
2	5413	(٨)
2	5415	(٩)
2	5417	(١٠)
2	5419	(١١)
2	5421	(١٢)
1	5423	سورة الملك
2	5423	(١)
2	5425	(٢)
2	5427	(٣)
2	5429	(٤)
2	5430	(٥)
2	5431	(٦)
2	5431	(٧)
2	5432	(٨)
2	5433	(٩)
2	5433	(١٠)
2	5433	(١١)
2	5433	(١٢)
2	5436	(١٣)
2	5436	(١٤)
2	5437	(١٥)
2	5438	(١٦)
2	5440	(١٧)
2	5440	(١٨)
2	5440	(١٩)
2	5445	(٢٠)
2	5446	(٢١)
2	5447	(٢٢)
2	5448	(٢٣)
2	5450	(٢٤)
2	5451	(٢٥)
2	5451	(٢٦)
2	5451	(٢٧)
2	5452	(٢٨)
2	5455	(٢٩)
2	5455	(٣٠)
1	5456	سورة القلم
2	5456	(١)
2	5457	(٢)
2	5458	(٣)
2	5458	(٤)
2	5459	(٥)
2	5459	(٦)
2	5460	(٧)
2	5460	(٨)
2	5462	(٩)
2	5462	(١٠)
2	5463	(١١)
2	5463	(١٢)
2	5464	(١٣)
2	5465	(١٤)
2	5465	(١٥)
2	5465	(١٦)
2	5466	(١٧)
2	5467	(١٨)
2	5469	(١٩)
2	5469	(٢٠)
2	5469	(٢٣)
2	5469	(٢٥)
2	5470	(٢٦)
2	5470	(٢٨)
2	5470	(٢٩)
2	5470	(٣٠)
2	5470	(٣١)
2	5471	(٣٢)
2	5471	(٣٣)
2	5472	(٣٤)
2	5472	(٣٥)
2	5472	(٣٦)
2	5474	(٣٧)
2	5474	(٣٨)
2	5474	(٣٩)
2	5475	(٤٠)
2	5475	(٤١)
2	5475	(٤٢)
2	5477	(٤٣)
2	5477	(٤٤)
2	5477	(٤٥)
2	5478	(٤٦)
2	5478	(٤٧)
2	5479	(٤٨)
2	5480	(٤٩)
2	5483	(٥٠)
2	5483	(٥١)
2	5484	(٥٢)
1	5485	سورة الحاقة
2	5485	(١)
2	5485	(٢)
2	5485	(٣)
2	5486	(٤)
2	5487	(٥)
2	5488	(٦)
2	5488	(٧)
2	5490	(٨)
2	5490	(٩)
2	5492	(١٠)
2	5493	(١١)
2	5494	(١٢)
2	5495	(١٣)
2	5496	(١٤)
2	5497	(١٥)
2	5497	(١٦)
2	5498	(١٧)
2	5499	(١٨)
2	5500	(١٩)
2	5502	(٢٠)
2	5504	(٢١)
2	5504	(٢٢)
2	5504	(٢٣)
2	5504	(٢٤)
2	5505	(٢٥)
2	5505	(٢٦)
2	5505	(٢٧)
2	5506	(٢٨)
2	5506	(٢٩)
2	5507	(٣٠)
2	5507	(٣١)
2	5507	(٣٢)
2	5507	(٣٣)
2	5507	(٣٤)
2	5508	(٣٥)
2	5508	(٣٦)
2	5509	(٣٧)
2	5510	(٣٨)
2	5510	(٣٩)
2	5511	(٤٠)
2	5511	(٤١)
2	5511	(٤٢)
2	5512	(٤٣)
2	5512	(٤٤)
2	5512	(٤٥)
2	5513	(٤٦)
2	5514	(٤٧)
2	5514	(٤٨)
2	5514	(٤٩)
2	5515	(٥٠)
2	5515	(٥١)
2	5515	(٥٢)
1	5516	سورة المعارج
2	5516	(١)
2	5518	(٢)
2	5518	(٣)
2	5519	(٤)
2	5521	(٥)
2	5522	(٦)
2	5522	(٧)
2	5522	(٨)
2	5523	(١٠)
2	5523	(١١)
2	5524	(١٢)
2	5524	(١٣)
2	5524	(١٤)
2	5525	(١٥)
2	5525	(١٦)
2	5525	(١٧)
2	5526	(١٨)
2	5526	(١٩)
2	5526	(٢٠)
2	5526	(٢١)
2	5526	(٢٠)
2	5526	(٢١)
2	5528	(٢٢)
2	5528	(٢٣)
2	5529	(٢٤)
2	5530	(٢٦)
2	5530	(٢٧)
2	5530	(٢٨)
2	5531	(٢٩)
2	5531	(٣٠)
2	5532	(٣١)
2	5532	(٣٢)
2	5532	(٣٣)
2	5532	(٣٤)
2	5532	(٣٥)
2	5533	(٣٦)
2	5533	(٣٧)
2	5534	(٣٨)
2	5535	(٣٩)
2	5535	(٤٠)
2	5536	(٤١)
2	5537	(٤٢)
2	5538	(٤٣)
2	5539	(٤٤)
1	5540	سورة نوح
2	5540	(١)
2	5541	(٢)
2	5542	(٣)
2	5543	(٤)
2	5545	(٥)
2	5545	(٦)
2	5546	(٧)
2	5547	(٨)
2	5547	(٩)
2	5547	(١٠)
2	5547	(١١)
2	5547	(١٢)
2	5549	(١٣)
2	5549	(١٤)
2	5550	(١٥)
2	5551	(١٦)
2	5552	(١٧)
2	5553	(١٨)
2	5553	(١٩)
2	5553	(٢٠)
2	5554	(٢١)
2	5555	(٢٢)
2	5555	(٢٣)
2	5556	(٢٤)
2	5557	(٢٥)
2	5557	(٢٦)
2	5557	(٢٧)
2	5558	(٢٨)
1	5560	سورة الجن
2	5560	(١)
2	5564	(٢)
2	5564	(٣)
2	5566	(٤)
2	5567	(٥)
2	5570	(٧)
2	5571	(٨)
2	5571	(٩)
2	5572	(١٠)
2	5573	(١١)
2	5574	(١٢)
2	5574	(١٣)
2	5576	(١٤)
2	5576	(١٥)
2	5577	(١٦)
2	5579	(١٧)
2	5580	(١٨)
2	5581	(١٩)
2	5582	(٢٠)
2	5582	(٢١)
2	5583	(٢٢)
2	5583	(٢٣)
2	5585	(٢٤)
2	5586	(٢٥)
2	5586	(٢٦)
2	5587	(٢٧)
2	5589	(٢٨)
1	5590	سورة المزمل
2	5590	(١)
2	5590	(٢)
2	5590	(٣)
2	5591	(٤)
2	5592	(٥)
2	5595	(٦)
2	5597	(٧)
2	5597	(٨)
2	5598	(٩)
2	5599	(١٠)
2	5604	(١١)
2	5605	(١٢)
2	5606	(١٣)
2	5606	(١٤)
2	5606	(١٥)
2	5607	(١٦)
2	5608	(١٧)
2	5609	(١٨)
2	5609	(١٩)
2	5610	(٢٠)
1	5620	سورة المدثر
2	5620	(١)
2	5620	(٢)
2	5622	(٢)
2	5622	(٣)
2	5623	(٤)
2	5623	(٥)
2	5624	(٦)
2	5625	(٧)
2	5626	(٨)
2	5627	(٩)
2	5627	(١٠)
2	5627	(١١)
2	5628	(١٢)
2	5629	(١٣)
2	5629	(١٤)
2	5629	(١٥)
2	5629	(١٦)
2	5630	(١٧)
2	5631	(١٨)
2	5632	(١٩)
2	5632	(٢٠)
2	5633	(٢١)
2	5633	(٢٢)
2	5633	(٢٣)
2	5633	(٢٤)
2	5634	(٢٥)
2	5634	(٢٦)
2	5634	(٢٨)
2	5635	(٢٩)
2	5635	(٣٠)
2	5637	(٣١)
2	5644	(٣٢)
2	5644	(٣٣)
2	5645	(٣٤)
2	5645	(٣٥)
2	5645	(٣٦)
2	5646	(٣٧)
2	5646	(٣٨)
2	5646	(٣٩)
2	5647	(٤٠)
2	5647	(٤١)
2	5647	(٤٢)
2	5647	(٤٣)
2	5649	(٤٥)
2	5649	(٤٧)
2	5649	(٤٨)
2	5651	(٤٩)
2	5652	(٥٠)
2	5652	(٥٢)
2	5654	(٥٣)
2	5654	(٥٤)
2	5654	(٥٥)
2	5654	(٥٦)
1	5656	سورة القيامة
2	5656	(١)
2	5656	(٢)
2	5658	(٣)
2	5659	(٤)
2	5660	(٥)
2	5661	(٦)
2	5661	(٧)
2	5663	(٨)
2	5663	(٩)
2	5663	(١٠)
2	5664	(١١)
2	5664	(١٣)
2	5664	(١٥)
2	5666	(١٦)
2	5668	(١٧)
2	5669	(١٨)
2	5669	(١٩)
2	5670	(٢٠)
2	5670	(٢١)
2	5670	(٢٢)
2	5670	(٢٣)
2	5670	(٢٤)
2	5670	(٢٥)
2	5674	(٢٦)
2	5674	(٢٧)
2	5674	(٢٨)
2	5675	(٢٩)
2	5675	(٣٠)
2	5675	(٣١)
2	5676	(٣٢)
2	5676	(٣٣)
2	5676	(٣٤)
2	5676	(٣٥)
2	5677	(٣٦)
2	5677	(٣٧)
2	5678	(٤٠)
1	5679	سورة الإنسان
2	5679	(١)
2	5680	(٢)
2	5682	(٣)
2	5683	(٤)
2	5683	(٥)
2	5684	(٦)
2	5684	(٧)
2	5685	(٨)
2	5685	(٩)
2	5685	(١٠)
2	5686	(١١)
2	5686	(١٢)
2	5687	(١٣)
2	5687	(١٤)
2	5688	(١٥)
2	5688	(١٦)
2	5688	(١٧)
2	5689	(١٩)
2	5689	(٢٠)
2	5689	(٢١)
2	5691	(٢٢)
2	5691	(٢٣)
2	5692	(٢٤)
2	5692	(٢٥)
2	5693	(٢٦)
2	5693	(٢٧)
2	5694	(٢٨)
2	5694	(٢٩)
2	5695	(٣٠)
2	5695	(٣١)
1	5697	سورة المرسلات
2	5697	(١)
2	5697	(٢)
2	5697	(٣)
2	5697	(٤)
2	5697	(٥)
2	5700	(٦)
2	5700	(٧)
2	5700	(٨)
2	5700	(٩)
2	5700	(١٠)
2	5700	(١١)
2	5701	(١٢)
2	5701	(١٣)
2	5701	(١٤)
2	5701	(١٥)
2	5702	(١٦)
2	5702	(١٧)
2	5702	(١٨)
2	5702	(١٩)
2	5702	(٢٠)
2	5702	(٢١)
2	5702	(٢٣)
2	5703	(٢٥)
2	5703	(٢٦)
2	5704	(٢٧)
2	5705	(٢٩)
2	5705	(٣٠)
2	5705	(٣٠)
2	5706	(٣١)
2	5706	(٣٢)
2	5707	(٣٣)
2	5707	(٣٥)
2	5708	(٣٦)
2	5708	(٣٨)
2	5708	(٣٩)
2	5708	(٤١)
2	5710	(٤٢)
2	5710	(٤٣)
2	5710	(٤٤)
2	5710	(٤٥)
2	5710	(٤٦)
2	5710	(٤٨)
2	5710	(٥٠)
1	5711	سورة النبإ
2	5711	(١)
2	5711	(٢)
2	5713	(٤)
2	5713	(٥)
2	5713	(٦)
2	5713	(٧)
2	5713	(٨)
2	5713	(٩)
2	5714	(١٠)
2	5714	(١١)
2	5714	(١٢)
2	5714	(١٣)
2	5714	(١٤)
2	5715	(١٥)
2	5716	(١٦)
2	5716	(١٧)
2	5716	(١٨)
2	5716	(١٩)
2	5716	(١٩)
2	5716	(١٩)
2	5717	(٢٠)
2	5717	(٢١)
2	5717	(٢٢)
2	5717	(٢٣)
2	5718	(٢٤)
2	5718	(٢٥)
2	5718	(٢٦)
2	5718	(٢٧)
2	5718	(٢٨)
2	5719	(٢٩)
2	5719	(٣٠)
2	5719	(٣١)
2	5719	(٣٢)
2	5720	(٣٣)
2	5720	(٣٤)
2	5720	(٣٥)
2	5721	(٣٦)
2	5722	(٣٧)
2	5722	(٣٨)
2	5723	(٣٩)
2	5724	(٤٠)
1	5725	سورة النازعات
2	5725	(١)
2	5725	(٢)
2	5725	(٣)
2	5725	(٤)
2	5726	(٥)
2	5727	(٦)
2	5727	(٦)
2	5728	(٩)
2	5729	(١٠)
2	5729	(١١)
2	5729	(١٢)
2	5729	(١٣)
2	5730	(١٤)
2	5730	(١٥)
2	5730	(١٦)
2	5730	(١٧)
2	5730	(١٨)
2	5731	(١٩)
2	5731	(٢٠)
2	5731	(٢١)
2	5731	(٢٢)
2	5732	(٢٣)
2	5732	(٢٤)
2	5732	(٢٥)
2	5732	(٢٦)
2	5732	(٢٧)
2	5733	(٢٨)
2	5733	(٢٩)
2	5734	(٣٠)
2	5734	(٣١)
2	5735	(٣٢)
2	5735	(٣٣)
2	5735	(٣٤)
2	5735	(٣٥)
2	5735	(٣٥)
2	5736	(٣٦)
2	5736	(٣٧)
2	5736	(٣٨)
2	5736	(٣٩)
2	5736	(٤٠)
2	5737	(٤٢)
2	5737	(٤٣)
2	5737	(٤٤)
2	5738	(٤٥)
2	5738	(٤٦)
1	5739	سورة عبس
2	5739	(١)
2	5739	(٢)
2	5742	(٣)
2	5742	(٤)
2	5742	(٥)
2	5743	(٦)
2	5743	(٧)
2	5743	(٨)
2	5743	(٩)
2	5743	(١١)
2	5744	(١٢)
2	5744	(١٣)
2	5744	(١٤)
2	5744	(١٥)
2	5744	(١٦)
2	5745	(١٧)
2	5746	(١٨)
2	5746	(١٩)
2	5746	(٢٠)
2	5747	(٢١)
2	5747	(٢٢)
2	5747	(٢٣)
2	5747	(٢٤)
2	5749	(٢٥)
2	5749	(٢٦)
2	5749	(٢٨)
2	5749	(٢٩)
2	5749	(٣٠)
2	5749	(٣١)
2	5749	(٣٣)
2	5750	(٣٤)
2	5751	(٣٧)
2	5751	(٣٨)
2	5751	(٣٩)
2	5751	(٤٠)
2	5751	(٤١)
2	5751	(٤٢)
1	5752	سورة كورت
2	5752	(١)
2	5752	(٢)
2	5752	(٣)
2	5753	(٤)
2	5753	(٥)
2	5753	(٦)
2	5753	(٧)
2	5754	(٨)
2	5754	(٩)
2	5754	(١٠)
2	5754	(١١)
2	5755	(١٢)
2	5755	(١٣)
2	5755	(١٤)
2	5755	(١٥)
2	5755	(١٦)
2	5757	(١٧)
2	5757	(١٨)
2	5757	(١٩)
2	5757	(٢٠)
2	5758	(٢١)
2	5758	(٢٢)
2	5759	(٢٣)
2	5760	(٢٤)
2	5761	(٢٥)
2	5761	(٢٦)
2	5761	(٢٧)
2	5762	(٢٨)
2	5763	(٢٩)
1	5764	سورة الانفطار
2	5764	(١)
2	5765	(٢)
2	5765	(٣)
2	5766	(٤)
2	5766	(٥)
2	5766	(٦)
2	5767	(٧)
2	5768	(٨)
2	5769	(٩)
2	5769	(١٠)
2	5770	(١٢)
2	5770	(١٢)
2	5771	(١٣)
2	5771	(١٤)
2	5773	(١٥)
2	5773	(١٦)
2	5774	(١٧)
2	5774	(١٨)
2	5774	(١٩)
1	5775	سورة المطففين
2	5775	(١)
2	5776	(٢)
2	5776	(٣)
2	5776	(٤)
2	5778	(٥)
2	5778	(٦)
2	5778	(٧)
2	5779	(٨)
2	5779	(٩)
2	5780	(١٠)
2	5780	(١١)
2	5780	(١٢)
2	5780	(١٣)
2	5780	(١٤)
2	5782	(١٥)
2	5782	(١٦)
2	5783	(١٧)
2	5783	(١٨)
2	5783	(٢١)
2	5783	(٢٢)
2	5785	(٢٣)
2	5786	(٢٤)
2	5786	(٢٥)
2	5786	(٢٦)
2	5787	(٢٧)
2	5787	(٢٨)
2	5788	(٢٩)
2	5789	(٣١)
2	5789	(٣٢)
2	5789	(٣٣)
2	5790	(٣٤)
2	5790	(٣٥)
2	5790	(٣٦)
1	5791	سورة الانشقاق
2	5791	(١)
2	5791	(٢)
2	5793	(٣)
2	5793	(٤)
2	5793	(٦)
2	5794	(٧)
2	5794	(٨)
2	5795	(٩)
2	5795	(١٠)
2	5796	(١١)
2	5796	(١٤)
2	5796	(١٥)
2	5797	(١٦)
2	5798	(١٧)
2	5798	(١٨)
2	5798	(١٩)
2	5799	(٢٠)
2	5800	(٢١)
2	5801	(٢٢)
2	5801	(٢٣)
2	5801	(٢٤)
2	5801	(٢٥)
1	5802	سورة البروج
2	5802	(١)
2	5804	(٢)
2	5804	(٣)
2	5805	(٤)
2	5806	(٥)
2	5806	(٦)
2	5806	(٧)
2	5806	(٨)
2	5808	(٩)
2	5808	(١٠)
2	5809	(١١)
2	5809	(١٢)
2	5809	(١٣)
2	5809	(١٣)
2	5810	(١٤)
2	5810	(١٥)
2	5810	(١٦)
2	5811	(١٧)
2	5811	(١٨)
2	5811	(١٩)
2	5811	(٢٠)
2	5811	(٢١)
2	5812	(٢٢)
1	5813	سورة الطارق
2	5813	(١)
2	5814	(٤)
2	5815	(٥)
2	5816	(٦)
2	5816	(٧)
2	5817	(٨)
2	5819	(٩)
2	5819	(١٠)
2	5819	(١١)
2	5820	(١٢)
2	5820	(١٣)
2	5820	(١٤)
2	5820	(١٥)
2	5820	(١٦)
2	5821	(١٧)
1	5822	سورة (سبح اسم ربك الأعلى)
2	5822	(١)
2	5823	(٢)
2	5823	(٣)
2	5824	(٤)
2	5824	(٥)
2	5825	(٦)
2	5825	(٧)
2	5826	(٨)
2	5826	(٩)
2	5827	(١٠)
2	5827	(١١)
2	5827	(١٢)
2	5827	(١٣)
2	5828	(١٤)
2	5828	(١٥)
2	5828	(١٦)
2	5828	(١٧)
2	5829	(١٨)
2	5829	(١٩)
1	5830	سورة الغاشية
2	5830	(١)
2	5830	(٢)
2	5830	(٣)
2	5831	(٤)
2	5831	(٥)
2	5831	(٦)
2	5831	(٧)
2	5832	(٨)
2	5832	(٩)
2	5832	(١٠)
2	5832	(١١)
2	5832	(١٢)
2	5832	(١٣)
2	5833	(١٤)
2	5833	(١٥)
2	5833	(١٧)
2	5833	(١٨)
2	5833	(١٩)
2	5833	(٢٠)
2	5835	(٢١)
2	5836	(٢٢)
2	5836	(٢٣)
2	5836	(٢٥)
2	5836	(٢٦)
1	5837	سورة الفجر
2	5837	(١)
2	5837	(٢)
2	5838	(٤)
2	5838	(٥)
2	5838	(٦)
2	5840	(٧)
2	5840	(٨)
2	5840	(٩)
2	5841	(١٠)
2	5841	(١١)
2	5841	(١٢)
2	5841	(١٣)
2	5841	(١٤)
2	5842	(١٥)
2	5842	(١٦)
2	5843	(١٧)
2	5844	(١٨)
2	5844	(١٩)
2	5845	(٢٠)
2	5845	(٢١)
2	5845	(٢٢)
2	5848	(٢٣)
2	5849	(٢٤)
2	5849	(٢٥)
2	5849	(٢٦)
2	5850	(٢٧)
2	5850	(٢٨)
2	5850	(٢٩)
2	5850	(٣٠)
1	5851	سورة (لا أقسم بهذا البلد)
2	5851	(١)
2	5851	(٢)
2	5853	(٣)
2	5853	(٤)
2	5855	(٥)
2	5855	(٦)
2	5856	(٨)
2	5856	(٩)
2	5856	(١٠)
2	5857	(١١)
2	5858	(١٢)
2	5859	(١٣)
2	5859	(١٤)
2	5859	(١٥)
2	5859	(١٦)
2	5859	(١٧)
2	5860	(١٨)
2	5860	(١٩)
1	5861	سورة الشمس
2	5861	(١)
2	5862	(٢)
2	5862	(٣)
2	5862	(٤)
2	5863	(٥)
2	5863	(٦)
2	5863	(٧)
2	5864	(٨)
2	5865	(٩)
2	5865	(١٠)
2	5866	(١١)
2	5867	(١٢)
2	5867	(١٣)
2	5868	(١٤)
2	5869	(١٥)
1	5870	سورة (والليل إذا يغشى)
2	5870	(١)
2	5870	(٢)
2	5871	(٣)
2	5871	(٤)
2	5872	(٥)
2	5872	(٦)
2	5872	(٧)
2	5873	(١١)
2	5874	(١٢)
2	5875	(١٣)
2	5875	(١٤)
2	5876	(١٥)
2	5876	(١٦)
2	5876	(١٧)
2	5876	(١٨)
2	5877	(١٩)
2	5877	(٢٠)
2	5877	(٢١)
2	5878	(١)
1	5878	سورة الضحى
2	5878	(١)
2	5878	(٢)
2	5879	(٣)
2	5880	(٤)
2	5881	(٥)
2	5881	(٦)
2	5882	(٧)
2	5884	(٨)
2	5884	(٩)
2	5884	(١٠)
2	5885	(١١)
1	5886	سورة (ألم نشرح)
2	5888	(٢)
2	5888	(٣)
2	5889	(٤)
2	5889	(٥)
2	5889	(٦)
2	5890	(٧)
2	5890	(٨)
1	5892	سورة التين
2	5892	(١)
2	5893	(٢)
2	5894	(٣)
2	5894	(٤)
2	5895	(٥)
2	5896	(٦)
2	5896	(٧)
2	5896	(٨)
1	5897	سورة اقرأ
2	5897	(١)
2	5898	(٢)
2	5899	(٣)
2	5900	(٤)
2	5900	(٥)
2	5900	(٧)
2	5901	(٧)
2	5901	(٨)
2	5901	(٩)
2	5901	(١٠)
2	5902	(١٤)
2	5902	(١٥)
2	5903	(١٦)
2	5903	(١٧)
2	5903	(١٨)
2	5903	(١٩)
1	5905	سورة القدر
2	5905	(١)
2	5906	(٢)
2	5906	(٣)
2	5907	(٤)
2	5908	(٥)
1	5910	سورة البينة
2	5910	(١)
2	5911	(٢)
2	5912	(٣)
2	5913	(٤)
2	5913	(٥)
2	5915	(٦)
2	5916	(٧)
2	5916	(٨)
1	5918	سورة (إذا زلزلت)
2	5918	(١)
2	5919	(٢)
2	5919	(٣)
2	5920	(٥)
2	5920	(٦)
2	5920	(٧)
2	5920	(٨)
1	5922	سورة (والعاديات)
2	5922	(١)
2	5923	(٢)
2	5923	(٣)
2	5923	(٥)
2	5924	(٦)
2	5924	(٧)
2	5924	(٨)
2	5924	(٩)
2	5925	(١١)
1	5926	سورة القارعة
2	5926	(١)
2	5926	(٢)
2	5926	(٣)
2	5926	(٤)
2	5927	(٥)
2	5927	(٦)
2	5927	(٧)
2	5927	(٨)
2	5928	(٩)
2	5928	(١١)
1	5929	سورة (ألهاكم التكاثر)
2	5929	(١)
2	5930	(٢)
2	5930	(٣)
2	5930	(٤)
2	5931	(٥)
2	5931	(٦)
2	5931	(٧)
2	5932	(٨)
1	5933	سورة العصر
2	5933	(١)
2	5933	(٢)
1	5936	سورة الهمزة
2	5936	(١)
2	5937	(٢)
2	5937	(٣)
2	5938	(٤)
2	5938	(٦)
2	5938	(٧)
2	5938	(٨)
2	5938	(٩)
1	5939	سورة الفيل
2	5939	(١)
2	5940	(٢)
2	5940	(٣)
2	5941	(٤)
2	5941	(٥)
1	5942	سورة (لإيلاف قريش)
2	5942	(١)
2	5942	(٢)
2	5943	(٣)
2	5943	(٤)
1	5944	سورة الماعون
2	5944	(١)
2	5945	(٢)
2	5945	(٣)
2	5946	(٤)
2	5947	(٥)
2	5948	(٧)
1	5949	سورة (إنا أعطيناك الكوثر)
2	5949	(١)
2	5949	(٢)
2	5951	(٣)
1	5953	سورة الكافرون
2	5953	(١)
2	5953	(٢)
2	5953	(٣)
2	5953	(٤)
2	5954	(٦)
1	5956	سورة النصر
2	5956	(١)
2	5957	(٢)
2	5957	(٣)
1	5960	سورة (تبت يدا أبي لهب)
2	5960	(١)
2	5962	(٢)
2	5963	(٣)
2	5963	(٤)
2	5964	(٥)
1	5965	سورة الإخلاص
2	5965	(١)
2	5971	(٢)
2	5972	(٣)
2	5974	(٤)
1	5975	سورة الفلق
2	5975	(١)
2	5977	(٢)
2	5978	(٣)
2	5979	(٤)
2	5980	(٥)
1	5981	سورة الناس
2	5981	(١)
2	5982	(٢)
2	5982	(٣)
2	5984	(٤)
2	5984	(٥)
2	5984	(٦)
