id	lvl	baslik
20	1	المطالب العالية 1
20	2	تقديم
21	3	المقدّمة وفيها أربعة فصول
22	4	الفصل الأول في بيان أن هذا العلم أشرف العلوم على الإطلاق
26	4	الفصل الثاني في انه هل للعقول البشرية سبيل إلى تحصيل الجزم واليقين في هذا العلم
38	4	الفصل الثالث في أن تحصيل هذه المعارف المقدسة. هل الطريق إليه واحد، أم أكثر من واحد؟
45	4	الفصل الرابع في ضبط معاقد هذا العلم
51	3	تمهيد
52	3	القسم الأوّل من الجزء الأوّل من علوم هذا الكتاب في ذكر الدّلائل القطعيّة اليقينيّة
53	4	المقدمة في بيان معاقد ضبط هذا الباب
54	4	الفصل الأول في مراتب مقدمات هذه الدلائل على الوجه المشهور عند الحكماء
56	4	الفصل الثاني في بيان ان الممكن لا يترجّح أحد طرفيه على الآخر الّا لمرجح
69	4	الفصل الثالث في تقرير قول من يقول: هذه المقدمة استدلالية
73	4	الفصل الرابع في حكاية شبهات القائلين بأن رجحان الممكن، لا يتوقف على المرجح
97	4	الفصل الخامس في تقرير الجواب عن هذه الشبهات
104	4	الفصل السادس في إيراد نوعين آخرين من السؤال على قولنا: الممكن لا بدّ له من مرجح
112	4	الفصل السابع في بيان أن هذا البرهان المذكور في إثبات معرفة واجب الوجود لا يتم على أصول الحكماء إلا بعد إقامة الدلالة على أن العلة واجبة الحصول حال حصول المعلول.
116	4	الفصل الثامن في إيراد هذا البرهان على وجه آخر. ويظن أن إيراده على ذلك الوجه، يوجب سقوط أكثر هذه الأسئلة عنه. وبيان أن ذلك الظن: خطأ من الناس
118	4	الفصل التاسع في إقامة البرهان على أن القول بالدور باطل
123	4	الفصل العاشر في إبطال التسلسل
136	4	الفصل الحادي عشر في إبطال التسلسل سوى ما تقرر ذكره
140	4	الفصل الثاني عشر في إيراد سؤال على القائل المذكور في إثبات واجب الوجود لذاته، وتحقق الجواب الحق عنه
146	4	الفصل الثالث عشر في حكاية شبهات من يقدح في إثبات واجب الوجود لذاته
152	4	الفصل الرابع عشر في بيان أن العالم المحسوس ليس واجب الوجود لذاته.
159	4	الفصل الخامس عشر في إثبات إله العالم عزّ وجل بناء على التمسك بامكان الصفات
166	4	الفصل السادس عشر في بيان كيفيّة الاستدلال بإمكان الصفات على وجود الإله القادر
174	4	الفصل السابع عشر في تعديد الدلائل المستنبطة من إمكان الصفات
182	4	الفصل الثامن عشر في إثبات العلم بوجود الإله تعالى بناء على التمسك بحدوث الذوات
189	4	الفصل التاسع عشر في تقرير طريقة للحدوث لا يحتاج فيها إلى ضم الامكان
192	4	الفصل العشرون في تقرير قول من يقول: الاستدلال بالحدوث على الفاعل، لا يتم إلا بدليل منفصل
197	4	الفصل الحادي والعشرون في إثبات العلم بالصانع بطريقة حدوث الصفات
200	4	الفصل الثاني والعشرون في الاستدلال على وجود الإله الحكيم الرحيم بكيفية تولد الانسان من النطفة
210	4	الفصل الثالث والعشرون في إقامة الدلالة على وجود إله العالم بناء على حدوث الصفات من طريق آخر
215	4	الفصل الرابع والعشرون في تقرير طريقة أخرى في إثبات الإله تعالى لهذا الخلق
219	3	القسم الثاني من الجزء الأوّل من علوم هذا الكتاب في تفصيل الدّلائل الدّالّة على وجود الإله القديم الدلائل الموجودة في عالم الأفلاك وعالم العناصر
220	4	الفصل الأول في بيان أن الاستكثار من هذه الدلائل من أهم المهمات
221	4	الفصل الثاني في حكاية كلمات منقولة عن أكابر الناس في هذا الباب
230	4	الفصل الثالث في تعديد الدلائل التي تذكرها أصناف طوائف العالم
260	3	القسم الثالث من الجزء الأوّل من علوم هذا الكتاب
261	4	المسألة الأولى في البحث عن معنى قولنا: إنه واجب الوجود لذاته
263	4	المسألة الثانية في أن وجوب الوجود. هل هو مفهوم ثبوتي أم لا؟
270	4	المسألة الثالثة في أن وجود الله تعالى نفس ماهيته أو صفة زائدة على ماهيته؟
291	4	المسألة الرابعة في تحقيق القول في بيان أن المبدأ الأول. هل هو تلك الحقيقة المخصوصة؟
293	4	المسألة الخامسة في بيان أنّه سبحانه يخالف جملة الممكنات، لذاته المخصوصة، لا لصفة زائدة على الذات
309	4	المسألة السابعة في استقصاء الكلام في حقيقة الأزل والأبد
315	1	المطالب العالية 2
315	2	تمهيد
316	3	القسم الأوّل في بيان كونه سبحانه وتعالى منزّها عن التّحيّز والجهة
317	4	الفصل الأول في بيان أن اثبات موجود ليس بجسم ولا حال في الجسم: ليس بممتنع الوجود في بديهة العقل
331	4	الفصل الثاني في بيان أنه لا يجب أن يكون لكل موجود نظير وشبيه. وانه ليس يلزم من نفي النظير والشبيه نفي ذلك الشيء
333	4	الفصل الثالث في إقامة الدلائل على أنه تعالى يمتنع أن يكون جسما
343	4	الفصل الرابع في إقامة الدلائل على أنه يمتنع كونه جوهرا
345	4	الفصل الخامس في بيان أنه يمتنع أن يكون واجب الوجود مختصا بمكان وحيّز
365	4	الفصل السادس في حكاية شبهات مثبتي الجسمية والمكان
372	4	الفصل السابع في الجواب عن تلك الشبهات
382	4	الفصل الثامن في بيان أنه يمتنع أن يكون إله العالم هو هذا الفضاء الذي لا نهاية له
385	4	الفصل التاسع في تفسير قولنا: إن الإله تعالى غير متناهي
389	4	الفصل العاشر في أنه هل يصح أن نرى واجب الوجود لذاته؟
396	4	الفصل الحادي عشر في أنا في هذه الحياة هل نعرف ذات الله تعالى من حيث إنها هي
407	4	الفصل الثاني عشر في تنزيه ذات الله تعالى عن الكيفيات
409	4	الفصل الثالث عشر في إثبات أنه يمتنع كونه تعالى حالا في غيره
412	4	الفصل الرابع عشر في نفي الاتحاد
414	4	الفصل الخامس عشر في بيان أنه يمتنع كونه تعالى محلّا لغيره
420	4	الفصل السادس عشر في بيان أن الألم واللذة محالان على الله تعالى
423	4	الفصل السابع عشر في أنه هل يصح إطلاقه لفظ الجوهر على الله تعالى أم لا؟
425	3	القسم الثاني في بيان أنّه سبحانه وتعالى منزّه عن الضّدّ والنّدّ
426	4	الفصل الأول في أن واجب الوجود لذاته ليس إلّا الواحد
442	4	الفصل الثاني في حكاية دلائل المتكلمين على أن الإله واحد
457	4	الفصل الثالث في أن وحدة الله تعالى هل هي عين الذات أو صفة قائمة بالذات؟
460	1	المطالب العالية 3
460	2	عدد الصفات الإيجابية
461	3	الباب الأوّل في أحكام الدواعي والصوارف
462	4	الفصل الأول في حد القادر
466	4	الفصل الثاني في إثبات تحقيق القول في الدواعي والصوارف
470	4	الفصل الثالث في بيان أنه لا تأثير لغير الاعتقاد والظن في الدعاء الى الفعل
474	4	الفصل الرابع في تحقيق الكلام في المنفعة والمضرّة والخير والشر والمصلحة والمفسدة
486	4	الفصل الخامس في بقية الكلام في هذا الباب
490	4	الفصل السادس في أن صدور الفعل هل يتوقف على الداعي أم لا؟
497	4	الفصل السابع في تقرير دلائل القائلين بأن الفعل لا يصدر عن القادر الا عند حصول الداعي
506	4	الفصل الثامن في بيان أن عند حصول الداعي يجب صدور الفعل ولا يبقى الجواز البتة
512	4	الفصل التاسع في تقسيم الدواعي
515	4	الفصل العاشر في تحقيق الكلام في تقسيم الدواعي إلى ما يكون داعية الحاجة. وإلى ما يكون داعية الإحسان
523	4	الفصل الحادي عشر في شرح أن العبد كيف يكون فاعلا؟
524	3	الباب الثاني في البحث عن الفرق بين القادر، وبين الموجب. واستقصاء الكلام فيه
525	4	القادر والموجب بين الفلاسفة والمتكلمين وأهل الأديان
549	3	الباب الثالث في كونه تعالى عالما
550	4	الفصل الأول في تحقيق الكلام في حقيقة العلم والإدراك
554	4	الفصل الثاني في حكاية دلائل المتكلمين في كونه تعالى عالما
564	4	الفصل الثالث في تقرير طريقة اخرى سوى طريقة الاتقان والاحكام تدل على كونه تعالى عالما بناء على كونه تعالى فاعلا بالاختيار لا موجبا بالذّات
566	4	الفصل الرابع في تقرير الوجوه التي استدل بها الشيخ الرئيس أبو علي بن سينا في سائر كتبه على كونه تعالى عالما بالمعلومات
585	4	الفصل الخامس فى المسائل المقرعة على إثبات كونه تعالى عالما
596	4	الفصل السادس في البحث عن كونه تعالى عالما بالجزئيات
610	4	الفصل السابع في بيان كونه تعالى عالما بالمعدومات
617	3	الباب الرّابع في كونه تعالى مريدا
618	4	الفصل الأول في البحث عن حقيقة الإرادة
626	4	الفصل الثاني في اللذة والألم
628	3	الباب الخامس في كونه تعالى سميعا بصيرا
629	4	البحث عن ماهية السمع والبصر
640	3	الباب السّادس في كونه تعالى متكلما
641	4	المسألة الأولى في البحث عن حقيقة الكلام:
643	4	المسألة الثانية: في إثبات كونه تعالى متكلما
648	3	الباب السّابع في كونه تعالى قديما باقيا
649	4	في القدم والبقاء
652	3	الباب الثامن في كونه تعالى حيا
655	3	الباب التاسع كلمات في الصفات
656	4	الفصل الأول في حصر صفات الله تعالى
657	4	الفصل الثاني في أنه تعالى عالم لذاته أو لمعنى؟
669	4	الفصل الثالث في احصاء صفات الله تعالى
670	4	الفصل الرابع في أن تكوين الشيء هل هو نفسه، نفس المكون، أو غيره؟
672	4	الفصل الخامس في تقسيم أسماء الله تعالى
712	4	الفصل السادس في إثبات كونه تعالى حكيما
721	4	الفصل السابع في أن تحسين العقل وتقبيحه هل هو معتبر أم لا
737	4	الفصل الثامن في إثبات ان التكليف بما لا يطاق واقع وأنه متى كان الأمر كذلك امتنع أن يقال إنه تعالى يراعي مصالح العباد
749	4	الفصل التاسع في ذكر أنواع أخر من الدلائل على فساد القول بتحسين العقل وتقبيحه في أفعال الله وفي أحكامه
777	4	الفصل الحادي عشر في الجواب عن هذه الوجوه التي عوّلوا عليها
790	1	المطالب العالية 4
790	2	القسم الأول من الجزء الرابع في مباحث القائلين بالقدم
791	3	المقالة الأولى في المقدمات التي لا بد من تقديمها
824	4	المقالة الثانية في تقرير الوجوه المستخرجة من اعتبار حال الفاعلية، والمؤثرية
878	4	المقالة الثالثة في الدلائل المستنبطة من صفة القدرة
903	4	المقالة الرابعة في الدلائل المستنبطة من صفة الإرادة
912	4	المقالة الخامسة في الدلائل المستنبطة من الحسن والقبح والحكمة والعبث
928	4	المقالة السادسة في الدلائل المستنبطة من صفة العلم
941	4	المقالة السابعة في الوجوه المستنبطة من العلة المادية وهي كون العالم ممكن الوجود لذاته
958	4	المقالة الثامنة في الوجوه المستنبطة من الحركة والتغير والحدوث
967	4	المقالة التاسعة في الوجوه المستنبطة في هذا الباب من الزمان
982	4	المقالة العاشرة في الوجوه المستنبطة في هذا الباب مما يتعلق بالمكان
988	4	المقالة الحادية عشر في بيان أنه يجب أن يكون العالم أبديا، ثم بيان أنه لما وجب كونه أبديا، وجب كونه أزليا
997	4	المقالة الثانية عشر في بيان أن كون العالم أزليا، لا يقتضي استغناؤه عن المؤثر
1007	3	القسم الثاني من الجزء الرابع في مباحث القائلين بالحدوث
1008	4	المقالة الأولى في تقرير الدلالة المبنية على الحركة والسكون
1009	5	الفصل الأول في تقرير هذه الحجة
1013	5	الفصل الثاني في إقامة الدلالة على أن الجسم يمتنع أن يكون متحركا في الأزل
1045	5	الفصل الثالث في بيان أن الجسم يمتنع أن يكون ساكنا في الأزل
1070	4	المقالة الثانية في تقرير دلائل أخرى في اثبات حدوث العالم
1085	4	المقالة الثالثة في تقرير الوجوه الدالة على أن إله العالم، فاعل بالاختيار، لا موجب بالذات
1086	5	مقدمة
1089	5	القسم الأول من هذه المقالة في الاعتبارات المأخوذة من أصول الحكمة
1090	6	الفصل الأول في شرح منافع الشمس
1100	6	الفصل الثاني في منافع القمر
1105	6	الفصل الثالث في أحوال سائر الكواكب
1109	6	الفصل الرابع في آثار حكمة الله في العالم الأسفل
1111	5	القسم الثاني من هذه المقالة في الدلائل المستنبطة من القرآن المجيد في اثبات أن إله العالم قادر حكيم مختار رحيم
1118	4	المقالة الرابعة في ضبط مذاهب أهل العلم في الفعل والفاعل
1119	5	الفصل الأول في ضبط تلك المذاهب بحسب التقسيم
1125	5	الفصل الثاني في الرد على الدهرية
1129	5	الفصل الثالث في الكلام على القائلين بالموجب
1136	5	الفصل الرابع في أن الصادر الأول عن الله. ما هو؟
1145	5	الفصل الخامس في شرح مذهب هؤلاء الفلاسفة في أن ذلك الصادر الأول. كيف تصدر عنه الكثرة الحاصلة في الممكنات؟
1152	5	الفصل السادس في الرد على القائلين بأن للعالم إلهين أحدهما خيّر، والاخر شرير
1154	5	الفصل السابع في حكاية قول من يقول: ان سبب حدوث هذا العالم: عشق النفس على الهيولى
1170	5	الفصل الثامن في الكلام على التناسخ
1172	5	الفصل التاسع في حكاية مذهب القائلين بالأعواض
1174	5	الفصل العاشر في حكاية قول من أثبت للعالم إلها فاعلا مختارا مع أنه يفعل ما يشاء ويحكم ما يريد. لا يلتفت إلى مصالح الخلق ومفاسدهم
1178	1	المطالب العالية 5
1178	2	المقالة الأولى في الكلام في الزمان
1180	3	الفصل الأول في تقرير دلائل القائلين بنفي الزمان
1191	4	الفصل الثاني في تقرير قول من يقول: العلم بكون المدة والزمان موجودان: علم بديهي أولي. لا يحتاج فيه الى الحجة والدليل
1203	4	الفصل الثالث في تقرير الدلائل التي عول عليها من قال: العلم بوجود الزمان: كسبي استدلالي
1220	4	الفصل الرابع في البحث عن ماهية الزمان
1237	4	الفصل الخامس في التفحص عما قيل من أن الزمان كم متصل. وبيان أن ذلك ليس بحق
1243	4	الفصل السادس في تتبع سائر المذاهب والأقوال في ماهية الزمان
1250	4	الفصل السابع في تحقيق الكلام في الآن وفيه مسائل:
1250	5	المسألة الأولى: في إثبات وجود الآن:
1251	5	المسألة الثانية: في بيان أن الآن الحاضر لا يقبل القسمة
1252	5	المسألة الثالثة في أن الآن كيف يكون فاصلا [6] باعتبار، وواصلا باعتبار آخر؟
1252	5	المسألة الثالثة في أن الآن كيف يكون فاصلا باعتبار، وواصلا باعتبار آخر؟
1254	5	المسألة الرابعة في الفرق بين الآن المتأخر عن وجود الزمان وبين الآن المتقدم على وجود الزمان
1256	4	الفصل الثامن في تحقيق الكلام في الدهر والسرمد. والفرق بينهما وبين الزمان
1259	4	الفصل التاسع في شرح خواص الماضي والحاضر والمستقبل وهي أمور عشرة
1265	4	الفصل العاشر في أن الزمان محدث أو قديم
1268	4	الفصل الحادي عشر في تفسير الألفاظ المذكورة في هذا الباب
1273	3	المقالة الثانية في تحقيق القول في المكان
1274	4	الفصل الأول في تفصيل مذاهب الناس فيه
1277	4	الفصل الثاني في ابطال قول من يقول: الخلاء والفضاء عدم محض ونفي صرف
1282	4	الفصل الثالث في أن المكان هل يعقل أن يكون في أن المكان هل يعقل أن يكون بعدا قائما بنفسه أم لا؟
1304	4	الفصل الرابع في تقرير الوجوه التي عليها يعول من يعتقد أن المكان هو البعد
1316	4	الفصل الخامس في بيان أن الخلاء ممتنع الوقوع أو ممكن الوقوع؟
1328	4	الفصل السادس في حكاية دلائل نفاة الخلاء والجواب عنها احتجوا بوجوه
1339	4	الفصل السابع في تفاريع القول بالخلاء وهي فروع
1347	1	المطالب العالية 6
1347	2	المقدمة في معنى الهيولى
1349	3	المقالة الأولى في ذاتيات الجسم
1350	4	الفصل الاول في حد الجسم
1355	4	الفصل الثاني في البحث عن الحد المنقول عن الفلاسفة
1359	4	الفصل الثالث في شرح مذاهب أهل العالم في الجزء الذي لا يتجزأ
1368	4	الفصل الرابع في الدلائل الدالة على اثبات الجوهر الفرد المبنية على اعتبار أحوال الحركة والزمان
1369	5	أما النوع الأول:
1379	5	النوع الثاني من مطالب هذا الفصل في بيان أن الزمان يجب أن يكون مركبا من الآنات المتتالية، والدفعات المتعاقبة
1384	5	النوع الثالث من مطالب هذا الفصل
1386	4	الفصل الخامس في الأدلة الدالة على اثبات الجوهر الفرد المستنبطة من الأصول الهندسية
1399	4	الفصل السادس في بيان أن الجسم المتناهي المقدار لو كان قابلا لانقسامات لا نهاية لها، لوجب كون ذلك الجسم المتناهي في المقدار، مؤلفا من أجزاء لا نهاية لها بالفعل
1407	4	الفصل السابع في اقامة الدلالة على أن الجسم المتناهي في المقدار يمتنع أن يكون مؤلفا من أجزاء لا نهاية لها بالفعل
1412	4	الفصل الثامن في ذكر بقية الدلائل الدالة في اثبات الجوهر الفرد
1420	3	المقالة الثانية في ذكر دلائل نفاة الجوهر الفرد
1421	4	الفصل الأول في الدلائل المفرعة على المماسة وهي خمسة:
1435	4	الفصل الثاني في الدلائل المذكورة في نفي الجزء الذي لا يتجزأ المبنية على بطء الحركات وسرعتها
1444	4	الفصل الثالث في حكاية وجوه احتج بها من قال بالطفرة وهي أيضا صالحة لأن يحتج بها في اثبات أنه قد توجد حركتان خاليتان عن مخالفة السكنات. مع أنه تكون إحداهما أشد سرعة من الأخرى.
1449	4	الفصل الرابع في أنواع أخرى من الدلائل على نفي الجوهر الفرد المبنية على الحركة
1461	4	الفصل الخامس في حكاية أنواع من الدلائل لنفاة الجزء متعلقة بذات الجسم وبكونه متحيزا
1464	4	الفصل السادس في الدلائل المستنبطة من الهندسة على نفي الجوهر الفرد
1472	4	الفصل السابع في النظر في أن الدلائل المذكورة في اثبات الدائرة والكرة هل هي صحيحة قوية أم ضعيفة واهية؟
1480	4	الفصل الثامن في ذكر الدلائل الدالة على نفي الجوهر الفرد المبنية على القول بالمثلثات والمربعات
1491	4	الفصل التاسع في الدلائل المذكورة في نفي الجوهر الفرد المبنية على قسمة الزوايا
1497	4	الفصل العاشر في الدلائل الدالة على نفي الجوهر الفرد المستنبطة من قسمة الخطوط وفيه وجوه
1499	3	المقالة الثالثة في بقية أحكام الأجسام
1500	4	الفصل الأول في اقامة الدلالة على تناهي الأبعاد
1520	4	الفصل الثاني في بيان أن الأجسام متماثلة في الذات والماهية
1523	4	الفصل الثالث في الاعتراض على الدليل المذكور في أن العالم واحد
1526	3	المقالة الرابعة في الكلام في الهيولى الأولى وفي تفاريعها
1527	4	المقدمة في ماهية الأجسام
1529	4	الفصل الأول في دلائل المثبتين للهيولى
1533	4	الفصل الثاني في الاعتراض على حجج المثبتين للهيولى
1539	4	الفصل الثالث في الدلائل الدالة على نفي الهيولى
1548	1	المطالب العالية 7
1548	2	المقالة الأولى في المقدمات
1549	3	الفصل الأول في تفصيل مذاهب الناس فيها
1554	4	الفصل الثاني في ذكر شرح اخر في تقسيم الأرواح
1565	4	الفصل الثالث في حكاية شبهات المنكرين للموجودات الروحانية والجواب عنها
1569	4	الفصل الرابع في ذكر الدلائل الدالة على ثبوت هذا القسم من الموجودات على سبيل الاجمال
1572	3	المقالة الثانية في بيان أن النفس الانسانية هل هي جوهر مجرد عن الحجمية والحلول في الحجمية. أم لا؟
1573	4	الفصل الأول في تفصيل مذاهب الناس فيه
1581	4	الفصل الثاني في حكاية دلائل القائلين بأن النفس يجب أن تكون جوهرا جسمانيا
1595	4	الفصل الثالث في حكاية الحجة التي هي أقوى الوجوه في اثبات تجرد النفس
1607	4	الفصل الرابع في حكاية الدلائل التي عوّل عليها «الشيخ» في اثبات أن النفس الناطقة: مجردة
1628	4	الفصل الخامس في حكاية الدلائل الاقناعية التي ذكروها في أن النفس الناطقة مجردة عن الجسمية
1637	4	الفصل السادس في الدلائل القوية المعتبرة في اثبات النفس
1664	4	الفصل السابع في الدلائل السمعية على أن النفس غير البدن
1674	3	المقالة الثالثة في صفات النفوس البشرية
1675	4	الفصل الأول في أن النفوس هل هي متحدة في الحقيقة والماهية أم لا؟
1683	4	الفصل الثاني في ذكر جملة الأسباب الموجبة لاختلاف النفوس في الصفات
1692	4	الفصل الثالث في بيان أن النفس واحدة
1696	4	الفصل الرابع في بيان أن المتعلق الأول للنفس هو القلب وأن العضو الرئيسي المطلق هو القلب
1707	4	الفصل الخامس في حكايات شبهات «جالينوس» على مذهبه. والجواب عنها
1717	4	الفصل السادس في تلخيص مذهب أصحاب «أرسطاطاليس» في كيفية الأرواح القلبية والدماغية
1721	4	الفصل السابع في أن النفوس الناطقة محدثة أو قديمة؟
1733	4	الفصل الثامن في التناسخ
1743	4	الفصل التاسع في بيان أن النفس باقية بعد موت البدن
1757	4	الفصل العاشر في تقرير الوجوه الاقناعية في بيان أن النفس باقية بعد موت الجسد
1766	4	الفصل الحادي عشر في بيان أن النفس لا تقبل الهلاك والعدم
1773	4	الفصل الثاني عشر في أنه هل يعقل وجود نفس واحدة، تكون متصرفة في بدنين. ووجود نفسين يكونان متصرفتين في بدن واحد؟
1776	4	الفصل الثالث عشر في بيان أن النفوس الناطقة مدركة للكليات والجزئيات معا. وأنها هي المباشرة لجميع الأفعال بنفسها، وإن كانت تلك المباشرة موقوفة على استعمال الآلات
1784	4	الفصل الرابع عشر في اقامة الدلالة القاهرة على أن الموصوف بجميع أقسام الادراكات، والمباشر لجميع التحريكات والتدبيرات لهذا البدن: هو النفس
1789	4	الفصل الخامس عشر في بيان أن النفس بعد مفارقة البدن تبقى عالمة مدركة للجزئيات
1791	4	الفصل السادس عشر في البحث عن علل النفوس الناطقة
1796	4	الفصل السابع عشر في بيان أن اشتغال النفوس البشرية بالدعاء والتضرع. هل يعقل أن يكون فيه فائدة أم لا؟
1801	4	الفصل الثامن عشر في بيان كيفية الانتفاع بزيارة الموتى والقبور
1804	4	الفصل التاسع عشر الفصل التاسع عشر في مراتب النفوس في المعارف والعلوم
1810	4	الفصل العشرون في نسبة الأعضاء والقوى إلى جوهر النفس
1814	4	الفصل الحادي والعشرون في تعديد خواص النفس الانسانية
1822	4	الفصل الثاني والعشرون في بيان أن اللذات العقلية أشرف وأكمل من اللذات الحسية
1828	4	الفصل الثالث والعشرون في البحث عن نفوس سائر الحيوانات
1837	3	المقالة الرابعة في البحث عن أحوال الأرواح السفلية المسماة بالجن والشياطين
1838	4	الفصل الأول في أن القول بالجن والشياطين هل هو ممكن أم لا؟
1846	4	الفصل الثاني في الطرق الدالة على إثبات الجن والشياطين
1851	4	الفصل الثالث في البحث عن حقيقة الالهام والوسوسة واستقصاء القول فيهما
1854	3	المقالة الخامسة في تفاصيل الكلام في الأرواح العالية الفلكية
1855	4	الفصل الأول في اقامة الدلالة على أن الأفلاك والكواكب: أحياء ناطقة
1868	4	الفصل الثاني في بيان صفة النفس الفلكية
1875	4	الفصل الثالث في تعديد مذاهب الناس في السبب الموجب، لكون الفلك متحركا بالاستدارة
1883	4	الفصل الرابع في تتبع هذه المذاهب ونحن نرتبها على مسائل:
1895	4	الفصل الخامس في تعديد الطرق المذكورة في اثبات العقول الفلكية
1901	4	الفصل السادس في البحث عن فرعين من فروع القول بهذه العقول والنفوس
1905	4	الفصل السابع في نقل كلمات أصحاب الطلسمات في صفات الأرواح الفلكية العالية
1913	4	الفصل الثامن في شرح صفات الملائكة بحسب ما وجدنا في الكتاب الكريم
1922	4	الفصل التاسع في الكلام في أن الملائكة أفضل أم البشر؟
1948	1	المطالب العالية 8
1948	2	القسم الأول من كتاب النبوات في تقرير القول بالنبوة عن طريق المعجزات
1950	3	الفصل الاول في شرح مذاهب الناس في هذا الباب
1953	4	الفصل الثاني في حكاية شبهات من أنكر النبوات بناء على نفي التكليف
1963	4	الفصل الثالث في تقرير شبهات من ينكر التكليف لا بالبناء على مسألة الجبر
1971	4	الفصل الرابع في تقرير شبهات المنكرين للنبوات بالبناء على أن العقل كاف في معرفة التكليف وذلك يوجب سقوط القول بالبعثة والرسالة
1976	4	الفصل الخامس في حكاية شبهات من يقول: القول بخرق العادات محال
1982	4	الفصل السادس في شبهات القائلين بأن المعجزات لا يمكن أن يعلم أنها حدثت بفعل الله وبتخليقه. وبيان أنه متى تعذر العلم بذلك امتنع الاستدلال بها على صدق المدعي
1996	4	الفصل السابع في حكاية شبهات القائلين بأن على تقدير أن يثبت أن خالق المعجزات هو الله سبحانه وتعالى إلا أن ذلك لا يدل على أنه تعالى انما خلقها لأجل تصديق المدعي للرسالة
2002	4	الفصل الثامن في حكاية دلائل من استدل بظهور المعجز على صدق المدعي
2006	4	الفصل التاسع في تقرير نوع اخر من الشبهات في بيان انّ ظهور الفعل الخارق للعادة الموافق للدعوى مع عدم المعارضة: لا يدل على صدق المدعي
2010	4	الفصل العاشر في أن بتقدير أن يكون المعجز قائما مقام ما اذا صدقه الله تعالى على سبيل التصريح. فهل يلزم من هذا كون المدعي صادقا؟
2013	4	الفصل الحادي عشر في الطعن في التواتر
2020	4	الفصل الثاني عشر في تقرير شبهة من يقول: ان الله تعالى لو أرسل رسولا الى الخلق لوجب أن يكون ذلك الرسول من الملائكة
2024	4	الفصل الثالث عشر في البحث عن الطريق الذي يعرّف الرسول كونه رسولا من عند الله عز وجل
2026	4	الفصل الرابع عشر في الشبهات المبنية على أنه ظهر على الأنبياء أعمال تقدح في صحة نبوتهم
2032	4	الفصل الخامس عشر في الاشارة الى أجوبة هذه الشبهات
2040	3	القسم الثاني في تقرير القول بالنبوة عن طريق اخر وهو قدرة النبي على تكميل الناقصين
2041	4	الفصل الأول في تمييز هذا الطريق عن الطريق المتقدم
2047	4	الفصل الثاني في أن القرآن العظيم يدل على أن هذا الطريق هو الطريق الأكمل الأفضل في اثبات النبوة
2053	4	الفصل الثالث في صفة هذه الدعوة الى الله تعالى
2059	4	الفصل الرابع في بيان أن محمدا عليه الصلاة والسلام أفضل من جميع الأنبياء والرسل
2061	4	الفصل الخامس في بيان أن اثبات النبوة بهذا الطريق أقوى وأكمل من اثباتها بالمعجزات
2064	4	الفصل السادس في تقرير طريقة الفلاسفة في كيفية ظهور المعجزات على الأنبياء عليهم السلام
2074	4	الفصل السابع في حكاية قول الفلاسفة في السبب الذي لأجله يقدر الأنبياء والأولياء على الاتيان بالمعجزات والكرامات
2075	3	القسم الثالث من هذا الكتاب في الكلام في السحر وأقسامه
2076	4	تمهيد
2077	4	مقدمة في بيان أنواع السحر
2077	5	النوع الأول: وهو أعظمها قوة، وأشدها تأثيرا
2078	5	النوع الثاني من أنواع السحر: السحر المبني على قوة الوهم وتصفية النفس
2078	5	النوع الثالث: السحر المبني على خواص الأدوية المعدنية والنباتية،
2078	5	النوع الرابع: السحر المبني على العزائم والرقى
2079	5	النوع الخامس من السحر: السحر المبني على الاستعانة بالأرواح الفلكية.
2079	5	النوع السادس من السحر:
2079	5	النوع السابع: السحر المرتب على علم الهندسة:
2079	5	النوع الثامن: السحر المبني على الفأل والزجر
2080	5	النوع التاسع من السحر: المبني على إطعام الطعام
2080	5	النوع العاشر: السحر المبني على ترويج الأكاذيب وأنواع المكر والخداع
2081	4	مقالة في تقرير الأصول الكلية المعتبرة في السحر المبني على طريقة النجوم
2082	5	الفصل الأول في الطلاسم
2086	5	الفصل الثاني في بيان أن الوقوف على أصول هذا العلم عسر جدا
2092	5	الفصل الثالث في الطريق الذي حصل به الوقوف على طبائع الأجرام الفلكية
2094	5	الفصل الرابع في الشرائط الكلية المعتبرة في رعاية هذا النوع
2100	5	الفصل الخامس في تلخيص الأحول المعتبرة في هذا الباب
2101	6	القسم الأول من الفصل الخامس في تفصيل أحوال المؤثرات العلوية
2101	7	النوع الأول البحث عن أنواع الكواكب
2106	7	النوع الثاني البحث عن أحوال النقط الفلكية المؤثرة
2107	7	والنوع الثالث: النقط التي تنتهي التسييرات إليها
2112	6	القسم الثاني من الفصل الخامس في الأمور التي يجب معرفتها عن الأجسام القابلة السفلية
2119	5	الفصل السادس في التنبيه على أصول أخرى يجب مراعاتها في هذه الأعمال
2126	5	وأما في الأحوال المعتبرة في البروج والبيوت: ففيه وجوه من الشرائط
2130	1	المطالب العالية 9
2130	2	مقدمة المؤلف
2132	3	خلق الأفعال
2133	4	المقدمة في بيان تفاصيل مذاهب الناس في هذا الباب
2142	4	الباب الأول في تقرير الدلائل العقلية على أن أفعال العباد كلها بتقدير الله، وأن العبد غير مستقل بالفعل والترك
2143	5	الفصل الأول في الدلائل الدالة على أن العبد غير مستقل بنفسه بالفعل والترك ولنا في هذه المسألة براهين:
2197	5	الفصل الثاني في تقرير الدلائل الدالة على أن قدرة العبد غير مؤثرة في خروج شيء من العدم الى الوجود
2222	5	الفصل الثالث في الدلائل الدالة على أن حصول الايمان والكفر في قلوب العباد لا يمكن أن يكون إلا بتخليق الله تعالى
2232	4	الباب الثاني في تقرير الدلائل القرآنيّة على أن خالق أعمال العباد هو الله تعالى
2233	5	الفصل الأول في أن التمسك بالدلائل السمعية. هل يجوز في هذه المسألة، أم لا؟
2255	5	الفصل الثاني في التمسك بالآيات المشتملة على لفظ «الخلق»
2281	5	الفصل الثالث في التمسك بالآيات المشتملة على لفظ «الجعل» وما يجري مجراه
2294	5	الفصل الرابع في سائر الدلائل المأخوذة من سائر الآيات
2318	4	الباب الثالث في الدلائل الاخبارية في هذه المسألة
2319	5	الفصل الأول في أن التمسك بأخبار الآحاد في هذه المسألة هل يجوز أم لا؟
2333	5	الفصل الثاني في تقرير الدلائل الاخبارية على صحة القول بالقضاء والقدر
2363	4	الباب الرابع في الآثار الواردة عن علماء السلف في هذا الباب
2369	4	الباب الخامس في حكاية الشبه العقلية التي عليها تعويل المعتزلة
2370	5	الفصل الأول في حكاية قول من يقول العلم الضروري حاصل بكون العبد موجدا
2374	5	الفصل الثاني في حكاية الدلائل التي تمسكوا بها في اثبات أن العبد موجد
2387	4	الباب السادس في حكاية الدلائل القرآنيّة التي يتمسكون بها
2388	5	النوع الأول الاستدلال الاجمالي
2391	5	النوع الثاني من وجوه تمسكهم بالقرآن
2411	5	النوع الثالث من استدلالات المعتزلة بالقرآن
2424	5	النوع الرابع من وجوه استدلالات المعتزلة بالقرآن الآيات التي أمر الله عباده فيها بأن يستعينوا بالله، وبأن يعين بعضهم بعضا
2426	5	النوع الخامس من استدلالات القوم بالقرآن
2427	5	النوع السادس من وجوه القوم
2428	5	النوع السابع للقوم الآيات الدالة على أنه متى فعل العبد فعلا، فإنه تعالى يجازيه بفعل آخر
2431	5	النوع الثامن للقوم الآيات الدالة على كون العبد متمكنا من الإيمان والكفر، قادرا على الخير والشر.
2432	5	النوع التاسع للقوم الآيات الدالة على أنه تعالى لا يظلم أحدا من عباده.
2433	5	النوع العاشر للقوم الآيات الدالة على أن أفعاله حسنة، ومنزهة عن التفاوت والعبث والباطل.
2435	5	النوع الحادي عشر للقوم الآيات التي تدل بصريحها على أن أفعال العباد ليست من الله
2439	5	النوع الثاني عشر للقوم الآيات الدالة على التحدي بالقرآن
2440	5	النوع الثالث عشر للقوم التمسك بقوله تعالى: ومنْ يكْسِبْ خطِيئةً
2441	5	النوع الرابع عشر للقوم قوله تعالى: وما أرْسلْنا مِنْ رسُولٍ إِلّا لِيُطاع بِإِذْنِ اللهِ
2442	5	النوع الخامس عشر للقوم قوله تعالى: أولمْ نُعمِّرْكُمْ ما يتذكّرُ فِيهِ منْ تذكّر، وجاءكُمُ النّذِيرُ
2443	5	النوع السادس عشر للقوم تمسكوا بقوله تعالى: وآخرُ مِنْ شكْلِهِ أزْواجٌ.
2444	5	النوع السابع عشر للقوم إن القرآن مملوء من كونه تعالى رحيما كريما جوادا محسنا
2445	5	النوع الثامن عشر للقوم قالوا: إله العالم شهد بأن هذه الأفعال صدرت عن العباد
2449	5	النوع التاسع عشر لهم الآيات الدالة على أحوال أهل القيامة من العقاب والحسنات والثواب والعقاب
2450	5	النوع العشرون للقوم لو أن الله تعالى خلق الكفر في الكافر، وخلقه للنار. ما كان لله نعمة أصلا.
2454	4	الباب السابع في تمسكات المعتزلة بالأخبار
2466	4	الباب الثامن في شرح الآثار المروية عن الصحابة والتابعين مما تمسك الخصم بها في إثبات قولهم
2474	4	الباب التاسع في بيان أن الله تعالى قد يمنع المكلف عن الايمان بالقهر والقسر
